Longitude,Latitude,Field,Dataset,Product,Feature ID,Date / Time,Duration(s),Area Count,Elevation(ft),Swath Width(ft),Y Offset(ft),Speed(mph),Distance(ft),Fuel Consumption Rate (Time)(gal(US)/h),Track(deg),Target Rate (Liquid)(gal(US)/ac),Rate (Volume)(gal(US)/ac),Segment ID,Pass Number,Productivity(ac/h),Date,Rate Quality,Rate (Volume) (Tough 5EC)(floz(US)/ac),Product Amount Used/Needed (Tough 5EC),Rate (Volume) (Laudis Herbicide)(floz(US)/ac),Product Amount Used/Needed (Laudis Herbicide),Rate (Mass) (Ag saver)(oz/ac),Rate (Volume) (Warrant Herbicide)(qt(US)/ac),Product Amount Used/Needed (Warrant Herbicide),Rate (Volume) (Fulltec Oil)(floz(US)/ac),Product Amount Used/Needed (Fulltec Oil),Rate (Volume) (Fulltec Adjuvant)(floz(US)/ac),Product Amount Used/Needed (Fulltec Adjuvant),Rate (Volume) (Water)(gal(US)/ac),Product Amount Used/Needed (Water),Rate (Volume) (Callisto)(floz(US)/ac),Product Amount Used/Needed (Callisto),Rate (Volume) (Ag saver)(floz(US)/ac),Product Amount Used/Needed (Ag saver),Rate (Mass) (AAtrex 4L Herbicide)(lb/ac),Rate (Volume) (Smackdown)(pt(US)/ac),Product Amount Used/Needed (Smackdown),Rate (Volume) (Surpass NXT)(pt(US)/ac),Rate (Mass) (Atrazine 4L)(lb/ac),Rate (Volume) (Gro Centric)(floz(US)/ac),Rate (Volume) (Water (1)~9)(gal(US)/ac),Product Amount Used/Needed,Area (ac)
-93.77535566,42.02069130,M,TaskName 5/7/2025 (GreenStar 4 Monitor),Smackdown|Callisto|&Atrazine with 32%,1,5/7/2025,1.004,On,1131.2,110.00,-5.625,3.569,5.252,5.587,359.10,56.49,67.27,0,1,47.55,5/7/2025,Over Target,0.00,0.00,0.00,0.00,0.00,0.00,0.00,0.00,0.00,0.00,0.00,0.00,0.00,0.00,0.00,0.00,0.00,0.00,2.977,0.0049,0.00,0.00,0.00,0.00,0.00,0.013
-93.77535648,42.02070945,M,TaskName 5/7/2025 (GreenStar 4 Monitor),Smackdown|Callisto|&Atrazine with 32%,2,5/7/2025,0.995,On,1131.2,110.00,-5.625,4.191,6.098,4.116,359.64,56.49,59.42,0,1,55.72,5/7/2025,Good,0.00,0.00,0.00,0.00,0.00,0.00,0.00,0.00,0.00,0.00,0.00,0.00,0.00,0.00,0.00,0.00,0.00,0.00,2.629,0.0051,0.00,0.00,0.00,0.00,0.00,0.015
-93.77535668,42.02072776,M,TaskName 5/7/2025 (GreenStar 4 Monitor),Smackdown|Callisto|&Atrazine with 32%,3,5/7/2025,1.005,On,1131.2,110.00,-5.625,4.494,6.620,4.183,359.46,56.49,55.33,0,1,59.88,5/7/2025,Good,0.00,0.00,0.00,0.00,0.00,0.00,0.00,0.00,0.00,0.00,0.00,0.00,0.00,0.00,0.00,0.00,0.00,0.00,2.448,0.0051,0.00,0.00,0.00,0.00,0.00,0.017
-93.77535661,42.02074642,M,TaskName 5/7/2025 (GreenStar 4 Monitor),Smackdown|Callisto|&Atrazine with 32%,4,5/7/2025,0.995,On,1131.2,110.00,-5.625,4.563,6.656,4.565,358.81,56.49,54.19,0,1,60.81,5/7/2025,Good,0.00,0.00,0.00,0.00,0.00,0.00,0.00,0.00,0.00,0.00,0.00,0.00,0.00,0.00,0.00,0.00,0.00,0.00,2.398,0.0050,0.00,0.00,0.00,0.00,0.00,0.017
-93.77535730,42.02076612,M,TaskName 5/7/2025 (GreenStar 4 Monitor),Smackdown|Callisto|&Atrazine with 32%,5,5/7/2025,1.001,On,1131.2,110.00,-5.625,4.791,7.030,4.603,358.93,56.49,52.85,0,1,63.84,5/7/2025,Good,0.00,0.00,0.00,0.00,0.00,0.00,0.00,0.00,0.00,0.00,0.00,0.00,0.00,0.00,0.00,0.00,0.00,0.00,2.339,0.0052,0.00,0.00,0.00,0.00,0.00,0.018
-93.77535798,42.02078618,M,TaskName 5/7/2025 (GreenStar 4 Monitor),Smackdown|Callisto|&Atrazine with 32%,6,5/7/2025,0.994,On,1131.2,110.00,-5.625,4.914,7.164,4.617,359.27,56.49,52.53,0,1,65.52,5/7/2025,Good,0.00,0.00,0.00,0.00,0.00,0.00,0.00,0.00,0.00,0.00,0.00,0.00,0.00,0.00,0.00,0.00,0.00,0.00,2.325,0.0053,0.00,0.00,0.00,0.00,0.00,0.018
-93.77535865,42.02080598,M,TaskName 5/7/2025 (GreenStar 4 Monitor),Smackdown|Callisto|&Atrazine with 32%,7,5/7/2025,1.011,On,1131.2,110.00,-5.625,4.927,7.302,5.129,359.59,56.49,54.01,0,1,65.66,5/7/2025,Good,0.00,0.00,0.00,0.00,0.00,0.00,0.00,0.00,0.00,0.00,0.00,0.00,0.00,0.00,0.00,0.00,0.00,0.00,2.390,0.0055,0.00,0.00,0.00,0.00,0.00,0.018
-93.77535878,42.02082609,M,TaskName 5/7/2025 (GreenStar 4 Monitor),Smackdown|Callisto|&Atrazine with 32%,8,5/7/2025,0.994,On,1131.2,110.00,-5.625,4.951,7.217,5.448,359.57,56.49,55.23,0,1,66.00,5/7/2025,Good,0.00,0.00,0.00,0.00,0.00,0.00,0.00,0.00,0.00,0.00,0.00,0.00,0.00,0.00,0.00,0.00,0.00,0.00,2.444,0.0056,0.00,0.00,0.00,0.00,0.00,0.018
-93.77535884,42.02084806,M,TaskName 5/7/2025 (GreenStar 4 Monitor),Smackdown|Callisto|&Atrazine with 32%,9,5/7/2025,0.995,On,1131.1,110.00,-5.625,5.178,7.548,5.509,358.95,56.49,53.45,0,1,68.97,5/7/2025,Good,0.00,0.00,0.00,0.00,0.00,0.00,0.00,0.00,0.00,0.00,0.00,0.00,0.00,0.00,0.00,0.00,0.00,0.00,2.365,0.0056,0.00,0.00,0.00,0.00,0.00,0.019
-93.77535961,42.02087104,M,TaskName 5/7/2025 (GreenStar 4 Monitor),Smackdown|Callisto|&Atrazine with 32%,10,5/7/2025,1.001,On,1131.1,110.00,-5.625,5.546,8.142,5.198,359.21,56.49,51.02,0,1,73.95,5/7/2025,Good,0.00,0.00,0.00,0.00,0.00,0.00,0.00,0.00,0.00,0.00,0.00,0.00,0.00,0.00,0.00,0.00,0.00,0.00,2.257,0.0058,0.00,0.00,0.00,0.00,0.00,0.021
-93.77536055,42.02089428,M,TaskName 5/7/2025 (GreenStar 4 Monitor),Smackdown|Callisto|&Atrazine with 32%,11,5/7/2025,1.005,On,1131.2,110.00,-5.625,5.763,8.493,4.489,359.96,56.49,51.07,0,1,76.83,5/7/2025,Good,0.00,0.00,0.00,0.00,0.00,0.00,0.00,0.00,0.00,0.00,0.00,0.00,0.00,0.00,0.00,0.00,0.00,0.00,2.260,0.0061,0.00,0.00,0.00,0.00,0.00,0.021
-93.77536090,42.02091761,M,TaskName 5/7/2025 (GreenStar 4 Monitor),Smackdown|Callisto|&Atrazine with 32%,12,5/7/2025,0.994,On,1131.2,110.00,-5.625,5.763,8.398,5.267,0.580,56.49,54.18,0,1,76.81,5/7/2025,Good,0.00,0.00,0.00,0.00,0.00,0.00,0.00,0.00,0.00,0.00,0.00,0.00,0.00,0.00,0.00,0.00,0.00,0.00,2.398,0.0064,0.00,0.00,0.00,0.00,0.00,0.021
-93.77536055,42.02094189,M,TaskName 5/7/2025 (GreenStar 4 Monitor),Smackdown|Callisto|&Atrazine with 32%,13,5/7/2025,1.006,On,1131.2,110.00,-5.625,5.869,8.651,5.616,0.627,56.49,56.66,0,1,78.17,5/7/2025,Good,0.00,0.00,0.00,0.00,0.00,0.00,0.00,0.00,0.00,0.00,0.00,0.00,0.00,0.00,0.00,0.00,0.00,0.00,2.507,0.0068,0.00,0.00,0.00,0.00,0.00,0.022
-93.77536038,42.02096620,M,TaskName 5/7/2025 (GreenStar 4 Monitor),Smackdown|Callisto|&Atrazine with 32%,14,5/7/2025,0.999,On,1131.2,110.00,-5.625,6.061,8.890,5.464,0.847,56.49,55.28,0,1,80.90,5/7/2025,Good,0.00,0.00,0.00,0.00,0.00,0.00,0.00,0.00,0.00,0.00,0.00,0.00,0.00,0.00,0.00,0.00,0.00,0.00,2.446,0.0069,0.00,0.00,0.00,0.00,0.00,0.022
-93.77536006,42.02099065,M,TaskName 5/7/2025 (GreenStar 4 Monitor),Smackdown|Callisto|&Atrazine with 32%,15,5/7/2025,1.001,On,1131.2,110.00,-5.625,6.055,8.887,5.235,1.106,56.49,55.36,0,1,80.71,5/7/2025,Good,0.00,0.00,0.00,0.00,0.00,0.00,0.00,0.00,0.00,0.00,0.00,0.00,0.00,0.00,0.00,0.00,0.00,0.00,2.450,0.0069,0.00,0.00,0.00,0.00,0.00,0.022
-93.77535957,42.02101504,M,TaskName 5/7/2025 (GreenStar 4 Monitor),Smackdown|Callisto|&Atrazine with 32%,16,5/7/2025,0.999,On,1131.2,110.00,-5.625,6.045,8.854,5.602,1.255,56.49,56.24,0,1,80.57,5/7/2025,Good,0.00,0.00,0.00,0.00,0.00,0.00,0.00,0.00,0.00,0.00,0.00,0.00,0.00,0.00,0.00,0.00,0.00,0.00,2.489,0.0070,0.00,0.00,0.00,0.00,0.00,0.022
-93.77535920,42.02102472,M,TaskName 5/7/2025 (GreenStar 4 Monitor),Smackdown|Callisto|&Atrazine with 32%,17,5/7/2025,0.395,On,1131.2,110.00,-5.625,6.070,3.516,5.649,1.231,56.49,55.72,0,1,80.92,5/7/2025,Good,0.00,0.00,0.00,0.00,0.00,0.00,0.00,0.00,0.00,0.00,0.00,0.00,0.00,0.00,0.00,0.00,0.00,0.00,2.465,0.0027,0.00,0.00,0.00,0.00,0.00,0.0089
-93.77535845,42.02104907,M,TaskName 5/7/2025 (GreenStar 4 Monitor),Smackdown|Callisto|&Atrazine with 32%,18,5/7/2025,1.005,On,1131.2,108.75,-6.250,6.052,8.920,5.687,1.294,56.49,56.45,0,1,79.77,5/7/2025,Good,0.00,0.00,0.00,0.00,0.00,0.00,0.00,0.00,0.00,0.00,0.00,0.00,0.00,0.00,0.00,0.00,0.00,0.00,2.498,0.0070,0.00,0.00,0.00,0.00,0.00,0.022
-93.77535794,42.02107332,M,TaskName 5/7/2025 (GreenStar 4 Monitor),Smackdown|Callisto|&Atrazine with 32%,19,5/7/2025,0.995,On,1131.2,108.75,-6.250,6.043,8.818,5.444,1.262,56.49,55.62,0,1,79.65,5/7/2025,Good,0.00,0.00,0.00,0.00,0.00,0.00,0.00,0.00,0.00,0.00,0.00,0.00,0.00,0.00,0.00,0.00,0.00,0.00,2.461,0.0068,0.00,0.00,0.00,0.00,0.00,0.022
-93.77535663,42.02109773,M,TaskName 5/7/2025 (GreenStar 4 Monitor),Smackdown|Callisto|&Atrazine with 32%,20,5/7/2025,1.000,On,1131.2,108.75,-6.250,6.054,8.877,5.499,359.91,56.49,55.75,0,1,79.78,5/7/2025,Good,0.00,0.00,0.00,0.00,0.00,0.00,0.00,0.00,0.00,0.00,0.00,0.00,0.00,0.00,0.00,0.00,0.00,0.00,2.467,0.0068,0.00,0.00,0.00,0.00,0.00,0.022
-93.77535614,42.02112214,M,TaskName 5/7/2025 (GreenStar 4 Monitor),Smackdown|Callisto|&Atrazine with 32%,21,5/7/2025,1.000,On,1131.2,108.75,-6.250,6.068,8.900,5.902,359.08,56.49,56.97,0,1,79.99,5/7/2025,Good,0.00,0.00,0.00,0.00,0.00,0.00,0.00,0.00,0.00,0.00,0.00,0.00,0.00,0.00,0.00,0.00,0.00,0.00,2.521,0.0070,0.00,0.00,0.00,0.00,0.00,0.022
-93.77535695,42.02114682,M,TaskName 5/7/2025 (GreenStar 4 Monitor),Smackdown|Callisto|&Atrazine with 32%,22,5/7/2025,1.006,On,1131.2,108.75,-6.250,6.100,8.995,5.313,359.56,56.49,56.58,0,1,80.36,5/7/2025,Good,0.00,0.00,0.00,0.00,0.00,0.00,0.00,0.00,0.00,0.00,0.00,0.00,0.00,0.00,0.00,0.00,0.00,0.00,2.504,0.0070,0.00,0.00,0.00,0.00,0.00,0.022
-93.77535728,42.02117143,M,TaskName 5/7/2025 (GreenStar 4 Monitor),Smackdown|Callisto|&Atrazine with 32%,23,5/7/2025,0.994,On,1131.2,108.75,-6.250,6.132,8.939,5.428,359.62,56.49,55.97,0,1,80.83,5/7/2025,Good,0.00,0.00,0.00,0.00,0.00,0.00,0.00,0.00,0.00,0.00,0.00,0.00,0.00,0.00,0.00,0.00,0.00,0.00,2.476,0.0069,0.00,0.00,0.00,0.00,0.00,0.022
-93.77535722,42.02119596,M,TaskName 5/7/2025 (GreenStar 4 Monitor),Smackdown|Callisto|&Atrazine with 32%,24,5/7/2025,1.000,On,1131.1,108.75,-6.250,6.097,8.939,5.477,359.30,56.49,56.80,0,1,80.34,5/7/2025,Good,0.00,0.00,0.00,0.00,0.00,0.00,0.00,0.00,0.00,0.00,0.00,0.00,0.00,0.00,0.00,0.00,0.00,0.00,2.513,0.0070,0.00,0.00,0.00,0.00,0.00,0.022
-93.77535768,42.02122053,M,TaskName 5/7/2025 (GreenStar 4 Monitor),Smackdown|Callisto|&Atrazine with 32%,25,5/7/2025,1.000,On,1131.0,108.75,-6.250,6.119,8.966,4.952,359.42,56.49,56.04,0,1,80.58,5/7/2025,Good,0.00,0.00,0.00,0.00,0.00,0.00,0.00,0.00,0.00,0.00,0.00,0.00,0.00,0.00,0.00,0.00,0.00,0.00,2.479,0.0069,0.00,0.00,0.00,0.00,0.00,0.022
-93.77535839,42.02124522,M,TaskName 5/7/2025 (GreenStar 4 Monitor),Smackdown|Callisto|&Atrazine with 32%,26,5/7/2025,1.005,On,1130.9,108.75,-6.250,6.115,9.006,4.951,0.133,56.49,55.80,0,1,80.54,5/7/2025,Good,0.00,0.00,0.00,0.00,0.00,0.00,0.00,0.00,0.00,0.00,0.00,0.00,0.00,0.00,0.00,0.00,0.00,0.00,2.469,0.0069,0.00,0.00,0.00,0.00,0.00,0.022
-93.77535838,42.02126976,M,TaskName 5/7/2025 (GreenStar 4 Monitor),Smackdown|Callisto|&Atrazine with 32%,27,5/7/2025,0.996,On,1130.9,108.75,-6.250,6.122,8.927,5.371,0.282,56.49,57.05,0,1,80.56,5/7/2025,Good,0.00,0.00,0.00,0.00,0.00,0.00,0.00,0.00,0.00,0.00,0.00,0.00,0.00,0.00,0.00,0.00,0.00,0.00,2.524,0.0070,0.00,0.00,0.00,0.00,0.00,0.022
-93.77535819,42.02127952,M,TaskName 5/7/2025 (GreenStar 4 Monitor),Smackdown|Callisto|&Atrazine with 32%,28,5/7/2025,0.399,On,1130.8,108.75,-6.250,6.084,3.566,5.538,0.141,56.49,57.54,0,1,80.33,5/7/2025,Good,0.00,0.00,0.00,0.00,0.00,0.00,0.00,0.00,0.00,0.00,0.00,0.00,0.00,0.00,0.00,0.00,0.00,0.00,2.546,0.0028,0.00,0.00,0.00,0.00,0.00,0.0089
-93.77535784,42.02130416,M,TaskName 5/7/2025 (GreenStar 4 Monitor),Smackdown|Callisto|&Atrazine with 32%,29,5/7/2025,1.005,On,1130.7,107.50,-6.875,6.080,8.953,5.382,359.53,56.49,56.76,0,1,79.15,5/7/2025,Good,0.00,0.00,0.00,0.00,0.00,0.00,0.00,0.00,0.00,0.00,0.00,0.00,0.00,0.00,0.00,0.00,0.00,0.00,2.511,0.0069,0.00,0.00,0.00,0.00,0.00,0.022
-93.77535799,42.02132873,M,TaskName 5/7/2025 (GreenStar 4 Monitor),Smackdown|Callisto|&Atrazine with 32%,30,5/7/2025,0.995,On,1130.7,107.50,-6.875,6.140,8.953,5.152,359.25,56.49,56.41,0,1,79.94,5/7/2025,Good,0.00,0.00,0.00,0.00,0.00,0.00,0.00,0.00,0.00,0.00,0.00,0.00,0.00,0.00,0.00,0.00,0.00,0.00,2.496,0.0069,0.00,0.00,0.00,0.00,0.00,0.022
-93.77535850,42.02135321,M,TaskName 5/7/2025 (GreenStar 4 Monitor),Smackdown|Callisto|&Atrazine with 32%,31,5/7/2025,1.001,On,1130.5,107.50,-6.875,6.106,8.950,5.391,359.12,56.49,56.41,0,1,79.44,5/7/2025,Good,0.00,0.00,0.00,0.00,0.00,0.00,0.00,0.00,0.00,0.00,0.00,0.00,0.00,0.00,0.00,0.00,0.00,0.00,2.496,0.0069,0.00,0.00,0.00,0.00,0.00,0.022
-93.77535895,42.02137799,M,TaskName 5/7/2025 (GreenStar 4 Monitor),Smackdown|Callisto|&Atrazine with 32%,32,5/7/2025,0.995,On,1130.4,107.50,-6.875,6.114,8.924,5.084,358.29,56.49,56.02,0,1,79.68,5/7/2025,Good,0.00,0.00,0.00,0.00,0.00,0.00,0.00,0.00,0.00,0.00,0.00,0.00,0.00,0.00,0.00,0.00,0.00,0.00,2.479,0.0068,0.00,0.00,0.00,0.00,0.00,0.022
-93.77535915,42.02139781,M,TaskName 5/7/2025 (GreenStar 4 Monitor),Smackdown|Callisto|&Atrazine with 32%,33,5/7/2025,0.804,On,1130.3,107.50,-6.875,6.171,7.267,4.594,356.93,56.49,55.13,0,1,80.30,5/7/2025,Good,0.00,0.00,0.00,0.00,0.00,0.00,0.00,0.00,0.00,0.00,0.00,0.00,0.00,0.00,0.00,0.00,0.00,0.00,2.439,0.0055,0.00,0.00,0.00,0.00,0.00,0.018
-93.77536047,42.02142252,M,TaskName 5/7/2025 (GreenStar 4 Monitor),Smackdown|Callisto|&Atrazine with 32%,34,5/7/2025,1.011,On,1130.2,108.75,-6.250,6.165,9.134,4.651,355.59,56.49,55.82,0,1,81.20,5/7/2025,Good,0.00,0.00,0.00,0.00,0.00,0.00,0.00,0.00,0.00,0.00,0.00,0.00,0.00,0.00,0.00,0.00,0.00,0.00,2.470,0.0070,0.00,0.00,0.00,0.00,0.00,0.023
-93.77536316,42.02144710,M,TaskName 5/7/2025 (GreenStar 4 Monitor),Smackdown|Callisto|&Atrazine with 32%,35,5/7/2025,0.990,On,1130.1,108.75,-6.250,6.125,8.885,5.000,355.91,56.49,57.42,0,1,80.66,5/7/2025,Good,0.00,0.00,0.00,0.00,0.00,0.00,0.00,0.00,0.00,0.00,0.00,0.00,0.00,0.00,0.00,0.00,0.00,0.00,2.541,0.0070,0.00,0.00,0.00,0.00,0.00,0.022
-93.77536455,42.02145682,M,TaskName 5/7/2025 (GreenStar 4 Monitor),Smackdown|Callisto|&Atrazine with 32%,36,5/7/2025,0.399,On,1130.0,108.75,-6.250,6.114,3.573,4.824,356.18,56.49,55.88,0,1,80.48,5/7/2025,Good,0.00,0.00,0.00,0.00,0.00,0.00,0.00,0.00,0.00,0.00,0.00,0.00,0.00,0.00,0.00,0.00,0.00,0.00,2.473,0.0028,0.00,0.00,0.00,0.00,0.00,0.0089
-93.77536609,42.02147899,M,TaskName 5/7/2025 (GreenStar 4 Monitor),Smackdown|Callisto|&Atrazine with 32%,37,5/7/2025,1.005,On,1129.8,110.00,-5.625,5.973,8.793,2.760,355.01,56.49,56.95,0,1,79.54,5/7/2025,Good,0.00,0.00,0.00,0.00,0.00,0.00,0.00,0.00,0.00,0.00,0.00,0.00,0.00,0.00,0.00,0.00,0.00,0.00,2.520,0.0070,0.00,0.00,0.00,0.00,0.00,0.022
-93.77536767,42.02149603,M,TaskName 5/7/2025 (GreenStar 4 Monitor),Smackdown|Callisto|&Atrazine with 32%,38,5/7/2025,0.995,On,1129.7,110.00,-5.625,5.025,7.287,2.650,354.30,56.49,63.56,0,1,66.58,5/7/2025,Good,0.00,0.00,0.00,0.00,0.00,0.00,0.00,0.00,0.00,0.00,0.00,0.00,0.00,0.00,0.00,0.00,0.00,0.00,2.812,0.0065,0.00,0.00,0.00,0.00,0.00,0.018
-93.77537012,42.02151060,M,TaskName 5/7/2025 (GreenStar 4 Monitor),Smackdown|Callisto|&Atrazine with 32%,39,5/7/2025,1.000,On,1129.7,110.00,-5.625,4.019,5.873,3.227,355.08,56.49,70.69,0,1,53.39,5/7/2025,Over Target,0.00,0.00,0.00,0.00,0.00,0.00,0.00,0.00,0.00,0.00,0.00,0.00,0.00,0.00,0.00,0.00,0.00,0.00,3.128,0.0058,0.00,0.00,0.00,0.00,0.00,0.015
-93.77537203,42.02152721,M,TaskName 5/7/2025 (GreenStar 4 Monitor),Smackdown|Callisto|&Atrazine with 32%,40,5/7/2025,1.000,On,1129.6,111.25,-5.000,3.814,5.581,4.951,355.48,56.49,63.14,0,1,51.31,5/7/2025,Good,0.00,0.00,0.00,0.00,0.00,0.00,0.00,0.00,0.00,0.00,0.00,0.00,0.00,0.00,0.00,0.00,0.00,0.00,2.794,0.0050,0.00,0.00,0.00,0.00,0.00,0.014
-93.77537417,42.02154688,M,TaskName 5/7/2025 (GreenStar 4 Monitor),Smackdown|Callisto|&Atrazine with 32%,41,5/7/2025,1.000,On,1129.4,111.25,-5.000,4.469,6.529,4.480,356.02,56.49,53.99,0,1,60.03,5/7/2025,Good,0.00,0.00,0.00,0.00,0.00,0.00,0.00,0.00,0.00,0.00,0.00,0.00,0.00,0.00,0.00,0.00,0.00,0.00,2.389,0.0050,0.00,0.00,0.00,0.00,0.00,0.017
-93.77537598,42.02156696,M,TaskName 5/7/2025 (GreenStar 4 Monitor),Smackdown|Callisto|&Atrazine with 32%,42,5/7/2025,1.001,On,1129.4,112.50,-4.375,4.916,7.205,4.482,356.14,56.49,50.17,0,1,66.92,5/7/2025,Good,0.00,0.00,0.00,0.00,0.00,0.00,0.00,0.00,0.00,0.00,0.00,0.00,0.00,0.00,0.00,0.00,0.00,0.00,2.220,0.0052,0.00,0.00,0.00,0.00,0.00,0.019
-93.77537775,42.02158799,M,TaskName 5/7/2025 (GreenStar 4 Monitor),Smackdown|Callisto|&Atrazine with 32%,43,5/7/2025,0.999,On,1129.3,112.50,-4.375,5.059,7.408,5.248,355.91,56.49,52.88,0,1,68.95,5/7/2025,Good,0.00,0.00,0.00,0.00,0.00,0.00,0.00,0.00,0.00,0.00,0.00,0.00,0.00,0.00,0.00,0.00,0.00,0.00,2.340,0.0056,0.00,0.00,0.00,0.00,0.00,0.019
-93.77537977,42.02161003,M,TaskName 5/7/2025 (GreenStar 4 Monitor),Smackdown|Callisto|&Atrazine with 32%,44,5/7/2025,1.000,On,1129.2,112.50,-4.375,5.334,7.815,4.886,355.96,56.49,52.96,0,1,72.66,5/7/2025,Good,0.00,0.00,0.00,0.00,0.00,0.00,0.00,0.00,0.00,0.00,0.00,0.00,0.00,0.00,0.00,0.00,0.00,0.00,2.343,0.0059,0.00,0.00,0.00,0.00,0.00,0.020
-93.77538019,42.02161449,M,TaskName 5/7/2025 (GreenStar 4 Monitor),Smackdown|Callisto|&Atrazine with 32%,45,5/7/2025,0.206,On,1129.1,112.50,-4.375,5.467,1.650,4.669,356.13,56.49,51.81,0,1,74.48,5/7/2025,Good,0.00,0.00,0.00,0.00,0.00,0.00,0.00,0.00,0.00,0.00,0.00,0.00,0.00,0.00,0.00,0.00,0.00,0.00,2.292,0.0012,0.00,0.00,0.00,0.00,0.00,0.0043
-93.77538257,42.02163695,M,TaskName 5/7/2025 (GreenStar 4 Monitor),Smackdown|Callisto|&Atrazine with 32%,46,5/7/2025,0.994,On,1129.1,113.75,-3.750,5.543,8.071,4.679,357.22,56.49,52.84,0,1,76.33,5/7/2025,Good,0.00,0.00,0.00,0.00,0.00,0.00,0.00,0.00,0.00,0.00,0.00,0.00,0.00,0.00,0.00,0.00,0.00,0.00,2.338,0.0062,0.00,0.00,0.00,0.00,0.00,0.021
-93.77538414,42.02165903,M,TaskName 5/7/2025 (GreenStar 4 Monitor),Smackdown|Callisto|&Atrazine with 32%,47,5/7/2025,1.006,On,1129.0,113.75,-3.750,5.561,8.189,4.756,358.20,56.49,55.44,0,1,76.52,5/7/2025,Good,0.00,0.00,0.00,0.00,0.00,0.00,0.00,0.00,0.00,0.00,0.00,0.00,0.00,0.00,0.00,0.00,0.00,0.00,2.453,0.0066,0.00,0.00,0.00,0.00,0.00,0.021
-93.77538547,42.02168085,M,TaskName 5/7/2025 (GreenStar 4 Monitor),Smackdown|Callisto|&Atrazine with 32%,48,5/7/2025,0.990,On,1129.1,113.75,-3.750,5.470,7.943,4.851,359.11,56.49,57.37,0,1,75.42,5/7/2025,Good,0.00,0.00,0.00,0.00,0.00,0.00,0.00,0.00,0.00,0.00,0.00,0.00,0.00,0.00,0.00,0.00,0.00,0.00,2.538,0.0066,0.00,0.00,0.00,0.00,0.00,0.021
-93.77538613,42.02170211,M,TaskName 5/7/2025 (GreenStar 4 Monitor),Smackdown|Callisto|&Atrazine with 32%,49,5/7/2025,1.009,On,1129.5,113.75,-3.750,5.395,7.972,4.896,359.78,56.49,58.23,0,1,74.28,5/7/2025,Good,0.00,0.00,0.00,0.00,0.00,0.00,0.00,0.00,0.00,0.00,0.00,0.00,0.00,0.00,0.00,0.00,0.00,0.00,2.576,0.0067,0.00,0.00,0.00,0.00,0.00,0.021
-93.77538621,42.02172118,M,TaskName 5/7/2025 (GreenStar 4 Monitor),Smackdown|Callisto|&Atrazine with 32%,50,5/7/2025,0.996,On,1129.9,113.75,-3.750,5.125,7.477,4.501,359.84,56.49,59.74,0,1,70.57,5/7/2025,Good,0.00,0.00,0.00,0.00,0.00,0.00,0.00,0.00,0.00,0.00,0.00,0.00,0.00,0.00,0.00,0.00,0.00,0.00,2.644,0.0065,0.00,0.00,0.00,0.00,0.00,0.020
-93.77538629,42.02173621,M,TaskName 5/7/2025 (GreenStar 4 Monitor),Smackdown|Callisto|&Atrazine with 32%,51,5/7/2025,1.000,On,1130.0,113.75,-3.750,4.442,6.483,4.152,359.60,56.49,63.32,0,1,60.94,5/7/2025,Good,0.00,0.00,0.00,0.00,0.00,0.00,0.00,0.00,0.00,0.00,0.00,0.00,0.00,0.00,0.00,0.00,0.00,0.00,2.802,0.0059,0.00,0.00,0.00,0.00,0.00,0.017
-93.77538641,42.02174383,M,TaskName 5/7/2025 (GreenStar 4 Monitor),Smackdown|Callisto|&Atrazine with 32%,52,5/7/2025,0.599,On,1130.0,113.75,-3.750,3.526,3.054,3.559,359.66,56.49,65.02,0,1,47.94,5/7/2025,Over Target,0.00,0.00,0.00,0.00,0.00,0.00,0.00,0.00,0.00,0.00,0.00,0.00,0.00,0.00,0.00,0.00,0.00,0.00,2.877,0.0029,0.00,0.00,0.00,0.00,0.00,0.0080
-93.77538651,42.02174625,M,TaskName 5/7/2025 (GreenStar 4 Monitor),Smackdown|Callisto|&Atrazine with 32%,53,5/7/2025,0.201,On,1130.0,110.00,-1.875,2.912,0.856,3.104,359.69,56.49,64.05,0,1,38.73,5/7/2025,Good,0.00,0.00,0.00,0.00,0.00,0.00,0.00,0.00,0.00,0.00,0.00,0.00,0.00,0.00,0.00,0.00,0.00,0.00,2.834,0.00077,0.00,0.00,0.00,0.00,0.00,0.0022
-93.77538655,42.02174841,M,TaskName 5/7/2025 (GreenStar 4 Monitor),Smackdown|Callisto|&Atrazine with 32%,54,5/7/2025,0.199,On,1130.0,78.75,13.75,2.579,0.751,3.097,359.68,56.49,65.90,0,1,24.57,5/7/2025,Over Target,0.00,0.00,0.00,0.00,0.00,0.00,0.00,0.00,0.00,0.00,0.00,0.00,0.00,0.00,0.00,0.00,0.00,0.00,2.916,0.00050,0.00,0.00,0.00,0.00,0.00,0.0014
-93.77538648,42.02175027,M,TaskName 5/7/2025 (GreenStar 4 Monitor),Smackdown|Callisto|&Atrazine with 32%,55,5/7/2025,0.201,On,1130.0,51.25,27.50,2.382,0.702,2.827,359.65,56.49,68.62,0,1,14.79,5/7/2025,Over Target,0.00,0.00,0.00,0.00,0.00,0.00,0.00,0.00,0.00,0.00,0.00,0.00,0.00,0.00,0.00,0.00,0.00,0.00,3.036,0.00031,0.00,0.00,0.00,0.00,0.00,0.00083
-93.77538659,42.02175180,M,TaskName 5/7/2025 (GreenStar 4 Monitor),Smackdown|Callisto|&Atrazine with 32%,56,5/7/2025,0.200,On,1130.0,26.25,40.00,1.984,0.581,2.470,359.69,56.49,68.77,0,1,6.299,5/7/2025,Over Target,0.00,0.00,0.00,0.00,0.00,0.00,0.00,0.00,0.00,0.00,0.00,0.00,0.00,0.00,0.00,0.00,0.00,0.00,3.043,0.00013,0.00,0.00,0.00,0.00,0.00,0.00035
-93.77538662,42.02175296,M,TaskName 5/7/2025 (GreenStar 4 Monitor),Smackdown|Callisto|&Atrazine with 32%,57,5/7/2025,0.200,On,1130.0,16.25,45.00,1.615,0.469,2.305,359.62,56.49,69.64,0,1,3.150,5/7/2025,Over Target,0.00,0.00,0.00,0.00,0.00,0.00,0.00,0.00,0.00,0.00,0.00,0.00,0.00,0.00,0.00,0.00,0.00,0.00,3.081,6.741e-05,0.00,0.00,0.00,0.00,0.00,0.00018
-93.77538646,42.02175382,M,TaskName 5/7/2025 (GreenStar 4 Monitor),Smackdown|Callisto|&Atrazine with 32%,58,5/7/2025,0.199,On,1129.9,8.750,48.75,1.237,0.361,2.391,359.45,56.49,69.38,0,1,1.311,5/7/2025,Over Target,0.00,0.00,0.00,0.00,0.00,0.00,0.00,0.00,0.00,0.00,0.00,0.00,0.00,0.00,0.00,0.00,0.00,0.00,3.070,2.782e-05,0.00,0.00,0.00,0.00,0.00,7.249e-05
-93.77558339,42.02158323,M,TaskName 5/7/2025 (GreenStar 4 Monitor),Smackdown|Callisto|&Atrazine with 32%,59,5/7/2025,0.191,On,1129.2,5.000,56.87,5.514,1.545,4.815,263.94,56.49,39.53,0,2,3.342,5/7/2025,Under Target,0.00,0.00,0.00,0.00,0.00,0.00,0.00,0.00,0.00,0.00,0.00,0.00,0.00,0.00,0.00,0.00,0.00,0.00,1.749,3.877e-05,0.00,0.00,0.00,0.00,0.00,0.00018
-93.77558937,42.02158284,M,TaskName 5/7/2025 (GreenStar 4 Monitor),Smackdown|Callisto|&Atrazine with 32%,60,5/7/2025,0.204,On,1129.2,26.25,46.25,5.541,1.659,5.052,263.94,56.49,43.32,0,2,17.65,5/7/2025,Under Target,0.00,0.00,0.00,0.00,0.00,0.00,0.00,0.00,0.00,0.00,0.00,0.00,0.00,0.00,0.00,0.00,0.00,0.00,1.917,0.00024,0.00,0.00,0.00,0.00,0.00,0.0010
-93.77559526,42.02158243,M,TaskName 5/7/2025 (GreenStar 4 Monitor),Smackdown|Callisto|&Atrazine with 32%,61,5/7/2025,0.200,On,1129.2,55.00,33.12,5.554,1.630,4.834,263.91,56.49,42.88,0,2,37.04,5/7/2025,Under Target,0.00,0.00,0.00,0.00,0.00,0.00,0.00,0.00,0.00,0.00,0.00,0.00,0.00,0.00,0.00,0.00,0.00,0.00,1.897,0.00049,0.00,0.00,0.00,0.00,0.00,0.0021
-93.77560117,42.02158199,M,TaskName 5/7/2025 (GreenStar 4 Monitor),Smackdown|Callisto|&Atrazine with 32%,62,5/7/2025,0.206,On,1129.2,107.50,6.875,5.545,1.669,4.610,263.98,56.49,38.70,0,2,71.99,5/7/2025,Under Target,0.00,0.00,0.00,0.00,0.00,0.00,0.00,0.00,0.00,0.00,0.00,0.00,0.00,0.00,0.00,0.00,0.00,0.00,1.712,0.00088,0.00,0.00,0.00,0.00,0.00,0.0041
-93.77563109,42.02157864,M,TaskName 5/7/2025 (GreenStar 4 Monitor),Smackdown|Callisto|&Atrazine with 32%,63,5/7/2025,0.995,On,1129.1,121.25,0.00,5.568,8.136,4.349,266.30,56.49,39.52,0,2,81.94,5/7/2025,Under Target,0.00,0.00,0.00,0.00,0.00,0.00,0.00,0.00,0.00,0.00,0.00,0.00,0.00,0.00,0.00,0.00,0.00,0.00,1.749,0.0050,0.00,0.00,0.00,0.00,0.00,0.023
-93.77566139,42.02157703,M,TaskName 5/7/2025 (GreenStar 4 Monitor),Smackdown|Callisto|&Atrazine with 32%,64,5/7/2025,1.000,On,1129.0,121.25,0.00,5.583,8.189,5.411,266.84,56.49,50.55,0,2,82.06,5/7/2025,Good,0.00,0.00,0.00,0.00,0.00,0.00,0.00,0.00,0.00,0.00,0.00,0.00,0.00,0.00,0.00,0.00,0.00,0.00,2.237,0.0064,0.00,0.00,0.00,0.00,0.00,0.023
-93.77569182,42.02157593,M,TaskName 5/7/2025 (GreenStar 4 Monitor),Smackdown|Callisto|&Atrazine with 32%,65,5/7/2025,0.999,On,1128.9,121.25,0.00,5.634,8.264,5.066,265.99,56.49,53.65,0,2,82.90,5/7/2025,Good,0.00,0.00,0.00,0.00,0.00,0.00,0.00,0.00,0.00,0.00,0.00,0.00,0.00,0.00,0.00,0.00,0.00,0.00,2.374,0.0068,0.00,0.00,0.00,0.00,0.00,0.023
-93.77572143,42.02157433,M,TaskName 5/7/2025 (GreenStar 4 Monitor),Smackdown|Callisto|&Atrazine with 32%,66,5/7/2025,1.006,On,1128.8,121.25,0.00,5.600,8.261,4.597,266.37,56.49,55.12,0,2,82.29,5/7/2025,Good,0.00,0.00,0.00,0.00,0.00,0.00,0.00,0.00,0.00,0.00,0.00,0.00,0.00,0.00,0.00,0.00,0.00,0.00,2.439,0.0070,0.00,0.00,0.00,0.00,0.00,0.023
-93.77574960,42.02157255,M,TaskName 5/7/2025 (GreenStar 4 Monitor),Smackdown|Callisto|&Atrazine with 32%,67,5/7/2025,0.994,On,1128.7,121.25,0.00,5.416,7.910,4.145,266.79,56.49,56.65,0,2,79.74,5/7/2025,Good,0.00,0.00,0.00,0.00,0.00,0.00,0.00,0.00,0.00,0.00,0.00,0.00,0.00,0.00,0.00,0.00,0.00,0.00,2.507,0.0069,0.00,0.00,0.00,0.00,0.00,0.022
-93.77577680,42.02157171,M,TaskName 5/7/2025 (GreenStar 4 Monitor),Smackdown|Callisto|&Atrazine with 32%,68,5/7/2025,1.001,On,1128.5,121.25,0.00,5.122,7.513,4.562,265.83,56.49,58.88,0,2,75.21,5/7/2025,Good,0.00,0.00,0.00,0.00,0.00,0.00,0.00,0.00,0.00,0.00,0.00,0.00,0.00,0.00,0.00,0.00,0.00,0.00,2.605,0.0068,0.00,0.00,0.00,0.00,0.00,0.021
-93.77580300,42.02157045,M,TaskName 5/7/2025 (GreenStar 4 Monitor),Smackdown|Callisto|&Atrazine with 32%,69,5/7/2025,1.000,On,1128.4,121.25,0.00,4.995,7.333,4.117,264.68,56.49,58.49,0,2,73.48,5/7/2025,Good,0.00,0.00,0.00,0.00,0.00,0.00,0.00,0.00,0.00,0.00,0.00,0.00,0.00,0.00,0.00,0.00,0.00,0.00,2.588,0.0066,0.00,0.00,0.00,0.00,0.00,0.020
-93.77582737,42.02156896,M,TaskName 5/7/2025 (GreenStar 4 Monitor),Smackdown|Callisto|&Atrazine with 32%,70,5/7/2025,1.000,On,1128.2,121.25,0.00,4.779,7.018,3.445,263.84,56.49,59.55,0,2,70.32,5/7/2025,Good,0.00,0.00,0.00,0.00,0.00,0.00,0.00,0.00,0.00,0.00,0.00,0.00,0.00,0.00,0.00,0.00,0.00,0.00,2.635,0.0064,0.00,0.00,0.00,0.00,0.00,0.020
-93.77585207,42.02156670,M,TaskName 5/7/2025 (GreenStar 4 Monitor),Smackdown|Callisto|&Atrazine with 32%,71,5/7/2025,0.999,On,1128.0,121.25,0.00,4.538,6.657,4.850,264.37,56.49,61.09,0,2,66.77,5/7/2025,Good,0.00,0.00,0.00,0.00,0.00,0.00,0.00,0.00,0.00,0.00,0.00,0.00,0.00,0.00,0.00,0.00,0.00,0.00,2.703,0.0063,0.00,0.00,0.00,0.00,0.00,0.019
-93.77587759,42.02156423,M,TaskName 5/7/2025 (GreenStar 4 Monitor),Smackdown|Callisto|&Atrazine with 32%,72,5/7/2025,1.001,On,1128.0,121.25,0.00,4.671,6.854,4.418,265.59,56.49,54.73,0,2,68.61,5/7/2025,Good,0.00,0.00,0.00,0.00,0.00,0.00,0.00,0.00,0.00,0.00,0.00,0.00,0.00,0.00,0.00,0.00,0.00,0.00,2.422,0.0058,0.00,0.00,0.00,0.00,0.00,0.019
-93.77590214,42.02156262,M,TaskName 5/7/2025 (GreenStar 4 Monitor),Smackdown|Callisto|&Atrazine with 32%,73,5/7/2025,0.999,On,1127.8,121.25,0.00,4.722,6.932,3.996,266.29,56.49,55.90,0,2,69.54,5/7/2025,Good,0.00,0.00,0.00,0.00,0.00,0.00,0.00,0.00,0.00,0.00,0.00,0.00,0.00,0.00,0.00,0.00,0.00,0.00,2.473,0.0060,0.00,0.00,0.00,0.00,0.00,0.019
-93.77592705,42.02156150,M,TaskName 5/7/2025 (GreenStar 4 Monitor),Smackdown|Callisto|&Atrazine with 32%,74,5/7/2025,1.000,On,1127.8,121.25,0.00,4.560,6.696,5.177,266.42,56.49,58.40,0,2,67.10,5/7/2025,Good,0.00,0.00,0.00,0.00,0.00,0.00,0.00,0.00,0.00,0.00,0.00,0.00,0.00,0.00,0.00,0.00,0.00,0.00,2.584,0.0060,0.00,0.00,0.00,0.00,0.00,0.019
-93.77595285,42.02155993,M,TaskName 5/7/2025 (GreenStar 4 Monitor),Smackdown|Callisto|&Atrazine with 32%,75,5/7/2025,1.000,On,1127.7,121.25,0.00,4.715,6.916,3.624,267.22,56.49,54.36,0,2,69.30,5/7/2025,Good,0.00,0.00,0.00,0.00,0.00,0.00,0.00,0.00,0.00,0.00,0.00,0.00,0.00,0.00,0.00,0.00,0.00,0.00,2.405,0.0058,0.00,0.00,0.00,0.00,0.00,0.019
-93.77597704,42.02155889,M,TaskName 5/7/2025 (GreenStar 4 Monitor),Smackdown|Callisto|&Atrazine with 32%,76,5/7/2025,1.000,On,1127.6,121.25,0.00,4.706,6.906,3.706,267.55,56.49,55.68,0,2,69.20,5/7/2025,Good,0.00,0.00,0.00,0.00,0.00,0.00,0.00,0.00,0.00,0.00,0.00,0.00,0.00,0.00,0.00,0.00,0.00,0.00,2.464,0.0059,0.00,0.00,0.00,0.00,0.00,0.019
-93.77600112,42.02155801,M,TaskName 5/7/2025 (GreenStar 4 Monitor),Smackdown|Callisto|&Atrazine with 32%,77,5/7/2025,1.000,On,1127.3,121.25,0.00,4.447,6.526,4.593,268.12,56.49,58.97,0,2,65.39,5/7/2025,Good,0.00,0.00,0.00,0.00,0.00,0.00,0.00,0.00,0.00,0.00,0.00,0.00,0.00,0.00,0.00,0.00,0.00,0.00,2.609,0.0059,0.00,0.00,0.00,0.00,0.00,0.018
-93.77601965,42.02155726,M,TaskName 5/7/2025 (GreenStar 4 Monitor),Smackdown|Callisto|&Atrazine with 32%,78,5/7/2025,0.800,On,1127.2,121.25,0.00,4.450,5.227,3.583,268.71,56.49,56.29,0,2,65.47,5/7/2025,Good,0.00,0.00,0.00,0.00,0.00,0.00,0.00,0.00,0.00,0.00,0.00,0.00,0.00,0.00,0.00,0.00,0.00,0.00,2.491,0.0045,0.00,0.00,0.00,0.00,0.00,0.015
-93.77602387,42.02155728,M,TaskName 5/7/2025 (GreenStar 4 Monitor),Smackdown|Callisto|&Atrazine with 32%,79,5/7/2025,0.200,On,1127.2,116.25,-2.500,4.366,1.282,2.794,268.65,56.49,56.12,0,2,61.59,5/7/2025,Good,0.00,0.00,0.00,0.00,0.00,0.00,0.00,0.00,0.00,0.00,0.00,0.00,0.00,0.00,0.00,0.00,0.00,0.00,2.483,0.0011,0.00,0.00,0.00,0.00,0.00,0.0034
-93.77602801,42.02155723,M,TaskName 5/7/2025 (GreenStar 4 Monitor),Smackdown|Callisto|&Atrazine with 32%,80,5/7/2025,0.195,On,1127.2,56.25,-32.50,4.270,1.223,2.853,268.64,56.49,57.85,0,2,29.16,5/7/2025,Good,0.00,0.00,0.00,0.00,0.00,0.00,0.00,0.00,0.00,0.00,0.00,0.00,0.00,0.00,0.00,0.00,0.00,0.00,2.560,0.00051,0.00,0.00,0.00,0.00,0.00,0.0016
-93.77592882,42.02156496,M,TaskName 5/7/2025 (GreenStar 4 Monitor),Smackdown|Callisto|&Atrazine with 32%,81,5/7/2025,0.999,On,1127.7,1.250,60.00,3.632,5.325,4.391,259.08,56.49,140.44,0,3,0.551,5/7/2025,Over Target,0.00,0.00,0.00,0.00,0.00,0.00,0.00,0.00,0.00,0.00,0.00,0.00,0.00,0.00,0.00,0.00,0.00,0.00,6.214,0.00012,0.00,0.00,0.00,0.00,0.00,0.00015
-93.77591356,42.02157049,M,TaskName 5/7/2025 (GreenStar 4 Monitor),Smackdown|Callisto|&Atrazine with 32%,82,5/7/2025,1.000,On,1127.8,1.250,60.00,3.417,5.013,5.099,251.57,56.49,58.27,0,3,0.518,5/7/2025,Good,0.00,0.00,0.00,0.00,0.00,0.00,0.00,0.00,0.00,0.00,0.00,0.00,0.00,0.00,0.00,0.00,0.00,0.00,2.578,4.637e-05,0.00,0.00,0.00,0.00,0.00,0.00014
-93.77590017,42.02157836,M,TaskName 5/7/2025 (GreenStar 4 Monitor),Smackdown|Callisto|&Atrazine with 32%,83,5/7/2025,1.006,On,1127.9,1.250,60.00,3.435,5.069,4.978,242.39,56.49,54.17,0,3,0.521,5/7/2025,Good,0.00,0.00,0.00,0.00,0.00,0.00,0.00,0.00,0.00,0.00,0.00,0.00,0.00,0.00,0.00,0.00,0.00,0.00,2.397,4.358e-05,0.00,0.00,0.00,0.00,0.00,0.00015
-93.77601662,42.02140645,M,TaskName 5/7/2025 (GreenStar 4 Monitor),Smackdown|Callisto|&Atrazine with 32%,84,5/7/2025,0.194,On,1128.2,8.750,-56.25,3.749,1.068,5.085,180.06,56.49,54.91,0,4,3.982,5/7/2025,Good,0.00,0.00,0.00,0.00,0.00,0.00,0.00,0.00,0.00,0.00,0.00,0.00,0.00,0.00,0.00,0.00,0.00,0.00,2.430,6.517e-05,0.00,0.00,0.00,0.00,0.00,0.00021
-93.77601665,42.02140254,M,TaskName 5/7/2025 (GreenStar 4 Monitor),Smackdown|Callisto|&Atrazine with 32%,85,5/7/2025,0.205,On,1128.2,30.00,-45.62,4.040,1.216,4.729,180.05,56.49,59.95,0,4,14.71,5/7/2025,Good,0.00,0.00,0.00,0.00,0.00,0.00,0.00,0.00,0.00,0.00,0.00,0.00,0.00,0.00,0.00,0.00,0.00,0.00,2.653,0.00028,0.00,0.00,0.00,0.00,0.00,0.00084
-93.77601672,42.02139855,M,TaskName 5/7/2025 (GreenStar 4 Monitor),Smackdown|Callisto|&Atrazine with 32%,86,5/7/2025,0.196,On,1128.2,60.00,-30.62,4.302,1.236,4.689,179.95,56.49,60.61,0,4,31.26,5/7/2025,Good,0.00,0.00,0.00,0.00,0.00,0.00,0.00,0.00,0.00,0.00,0.00,0.00,0.00,0.00,0.00,0.00,0.00,0.00,2.682,0.00057,0.00,0.00,0.00,0.00,0.00,0.0017
-93.77601677,42.02137799,M,TaskName 5/7/2025 (GreenStar 4 Monitor),Smackdown|Callisto|&Atrazine with 32%,87,5/7/2025,1.005,On,1128.3,63.75,-28.75,4.810,7.083,4.412,180.13,56.49,55.89,0,4,37.13,5/7/2025,Good,0.00,0.00,0.00,0.00,0.00,0.00,0.00,0.00,0.00,0.00,0.00,0.00,0.00,0.00,0.00,0.00,0.00,0.00,2.473,0.0032,0.00,0.00,0.00,0.00,0.00,0.010
-93.77601708,42.02135689,M,TaskName 5/7/2025 (GreenStar 4 Monitor),Smackdown|Callisto|&Atrazine with 32%,88,5/7/2025,0.994,On,1128.4,63.75,-28.75,5.122,7.464,6.058,180.20,56.49,52.40,0,4,39.56,5/7/2025,Good,0.00,0.00,0.00,0.00,0.00,0.00,0.00,0.00,0.00,0.00,0.00,0.00,0.00,0.00,0.00,0.00,0.00,0.00,2.319,0.0032,0.00,0.00,0.00,0.00,0.00,0.011
-93.77601728,42.02133513,M,TaskName 5/7/2025 (GreenStar 4 Monitor),Smackdown|Callisto|&Atrazine with 32%,89,5/7/2025,1.006,On,1128.5,63.75,-28.75,5.310,7.831,5.679,181.29,56.49,50.75,0,4,41.01,5/7/2025,Good,0.00,0.00,0.00,0.00,0.00,0.00,0.00,0.00,0.00,0.00,0.00,0.00,0.00,0.00,0.00,0.00,0.00,0.00,2.245,0.0032,0.00,0.00,0.00,0.00,0.00,0.011
-93.77601724,42.02131308,M,TaskName 5/7/2025 (GreenStar 4 Monitor),Smackdown|Callisto|&Atrazine with 32%,90,5/7/2025,0.994,On,1128.5,63.75,-28.75,5.437,7.933,5.672,183.26,56.49,49.32,0,4,42.05,5/7/2025,Good,0.00,0.00,0.00,0.00,0.00,0.00,0.00,0.00,0.00,0.00,0.00,0.00,0.00,0.00,0.00,0.00,0.00,0.00,2.182,0.0032,0.00,0.00,0.00,0.00,0.00,0.012
-93.77601759,42.02130419,M,TaskName 5/7/2025 (GreenStar 4 Monitor),Smackdown|Callisto|&Atrazine with 32%,91,5/7/2025,0.401,On,1128.6,65.00,-28.12,5.482,3.226,5.979,184.04,56.49,52.82,0,4,43.21,5/7/2025,Good,0.00,0.00,0.00,0.00,0.00,0.00,0.00,0.00,0.00,0.00,0.00,0.00,0.00,0.00,0.00,0.00,0.00,0.00,2.337,0.0014,0.00,0.00,0.00,0.00,0.00,0.0048
-93.77601781,42.02129981,M,TaskName 5/7/2025 (GreenStar 4 Monitor),Smackdown|Callisto|&Atrazine with 32%,92,5/7/2025,0.204,On,1128.6,66.25,-27.50,5.501,1.646,5.944,184.33,56.49,53.68,0,4,44.17,5/7/2025,Good,0.00,0.00,0.00,0.00,0.00,0.00,0.00,0.00,0.00,0.00,0.00,0.00,0.00,0.00,0.00,0.00,0.00,0.00,2.375,0.00074,0.00,0.00,0.00,0.00,0.00,0.0025
-93.77601820,42.02129525,M,TaskName 5/7/2025 (GreenStar 4 Monitor),Smackdown|Callisto|&Atrazine with 32%,93,5/7/2025,0.196,On,1128.6,67.50,-26.87,5.505,1.573,5.957,184.57,56.49,54.70,0,4,44.78,5/7/2025,Good,0.00,0.00,0.00,0.00,0.00,0.00,0.00,0.00,0.00,0.00,0.00,0.00,0.00,0.00,0.00,0.00,0.00,0.00,2.421,0.00074,0.00,0.00,0.00,0.00,0.00,0.0024
-93.77601858,42.02129063,M,TaskName 5/7/2025 (GreenStar 4 Monitor),Smackdown|Callisto|&Atrazine with 32%,94,5/7/2025,0.199,On,1128.6,68.75,-26.25,5.525,1.623,5.871,184.81,56.49,55.77,0,4,46.33,5/7/2025,Good,0.00,0.00,0.00,0.00,0.00,0.00,0.00,0.00,0.00,0.00,0.00,0.00,0.00,0.00,0.00,0.00,0.00,0.00,2.468,0.00079,0.00,0.00,0.00,0.00,0.00,0.0026
-93.77601897,42.02128610,M,TaskName 5/7/2025 (GreenStar 4 Monitor),Smackdown|Callisto|&Atrazine with 32%,95,5/7/2025,0.200,On,1128.6,71.25,-25.00,5.583,1.639,5.640,184.97,56.49,55.79,0,4,48.26,5/7/2025,Good,0.00,0.00,0.00,0.00,0.00,0.00,0.00,0.00,0.00,0.00,0.00,0.00,0.00,0.00,0.00,0.00,0.00,0.00,2.469,0.00083,0.00,0.00,0.00,0.00,0.00,0.0027
-93.77601954,42.02128154,M,TaskName 5/7/2025 (GreenStar 4 Monitor),Smackdown|Callisto|&Atrazine with 32%,96,5/7/2025,0.205,On,1128.6,73.75,-23.75,5.630,1.692,5.138,185.05,56.49,56.84,0,4,50.29,5/7/2025,Good,0.00,0.00,0.00,0.00,0.00,0.00,0.00,0.00,0.00,0.00,0.00,0.00,0.00,0.00,0.00,0.00,0.00,0.00,2.515,0.00090,0.00,0.00,0.00,0.00,0.00,0.0029
-93.77602005,42.02127698,M,TaskName 5/7/2025 (GreenStar 4 Monitor),Smackdown|Callisto|&Atrazine with 32%,97,5/7/2025,0.196,On,1128.6,78.75,-21.25,5.648,1.616,5.330,185.09,56.49,55.79,0,4,53.66,5/7/2025,Good,0.00,0.00,0.00,0.00,0.00,0.00,0.00,0.00,0.00,0.00,0.00,0.00,0.00,0.00,0.00,0.00,0.00,0.00,2.469,0.00090,0.00,0.00,0.00,0.00,0.00,0.0029
-93.77602046,42.02127232,M,TaskName 5/7/2025 (GreenStar 4 Monitor),Smackdown|Callisto|&Atrazine with 32%,98,5/7/2025,0.204,On,1128.6,100.00,-10.62,5.666,1.705,5.422,185.17,56.49,53.52,0,4,69.06,5/7/2025,Good,0.00,0.00,0.00,0.00,0.00,0.00,0.00,0.00,0.00,0.00,0.00,0.00,0.00,0.00,0.00,0.00,0.00,0.00,2.368,0.0012,0.00,0.00,0.00,0.00,0.00,0.0039
-93.77602113,42.02126781,M,TaskName 5/7/2025 (GreenStar 4 Monitor),Smackdown|Callisto|&Atrazine with 32%,99,5/7/2025,0.195,On,1128.6,117.50,-1.875,5.695,1.629,5.719,185.18,56.49,52.20,0,4,81.13,5/7/2025,Good,0.00,0.00,0.00,0.00,0.00,0.00,0.00,0.00,0.00,0.00,0.00,0.00,0.00,0.00,0.00,0.00,0.00,0.00,2.310,0.0013,0.00,0.00,0.00,0.00,0.00,0.0044
-93.77602380,42.02124453,M,TaskName 5/7/2025 (GreenStar 4 Monitor),Smackdown|Callisto|&Atrazine with 32%,100,5/7/2025,1.005,On,1128.7,121.25,0.00,5.736,8.461,5.929,185.06,56.49,54.38,0,4,84.37,5/7/2025,Good,0.00,0.00,0.00,0.00,0.00,0.00,0.00,0.00,0.00,0.00,0.00,0.00,0.00,0.00,0.00,0.00,0.00,0.00,2.406,0.0071,0.00,0.00,0.00,0.00,0.00,0.024
-93.77602739,42.02122105,M,TaskName 5/7/2025 (GreenStar 4 Monitor),Smackdown|Callisto|&Atrazine with 32%,101,5/7/2025,0.995,On,1128.7,121.25,0.00,5.819,8.494,5.674,182.81,56.49,53.59,0,4,85.54,5/7/2025,Good,0.00,0.00,0.00,0.00,0.00,0.00,0.00,0.00,0.00,0.00,0.00,0.00,0.00,0.00,0.00,0.00,0.00,0.00,2.371,0.0070,0.00,0.00,0.00,0.00,0.00,0.024
-93.77602950,42.02119737,M,TaskName 5/7/2025 (GreenStar 4 Monitor),Smackdown|Callisto|&Atrazine with 32%,102,5/7/2025,1.001,On,1128.8,121.25,0.00,5.898,8.661,5.912,181.57,56.49,56.59,0,4,86.71,5/7/2025,Good,0.00,0.00,0.00,0.00,0.00,0.00,0.00,0.00,0.00,0.00,0.00,0.00,0.00,0.00,0.00,0.00,0.00,0.00,2.504,0.0075,0.00,0.00,0.00,0.00,0.00,0.024
-93.77602989,42.02118780,M,TaskName 5/7/2025 (GreenStar 4 Monitor),Smackdown|Callisto|&Atrazine with 32%,103,5/7/2025,0.400,On,1128.8,121.25,0.00,5.900,3.452,6.164,181.63,56.49,59.16,0,4,86.48,5/7/2025,Good,0.00,0.00,0.00,0.00,0.00,0.00,0.00,0.00,0.00,0.00,0.00,0.00,0.00,0.00,0.00,0.00,0.00,0.00,2.618,0.0031,0.00,0.00,0.00,0.00,0.00,0.0096
-93.77603035,42.02116404,M,TaskName 5/7/2025 (GreenStar 4 Monitor),Smackdown|Callisto|&Atrazine with 32%,104,5/7/2025,1.000,On,1128.9,120.00,-0.625,5.903,8.658,6.276,182.73,56.49,57.61,0,4,85.87,5/7/2025,Good,0.00,0.00,0.00,0.00,0.00,0.00,0.00,0.00,0.00,0.00,0.00,0.00,0.00,0.00,0.00,0.00,0.00,0.00,2.549,0.0076,0.00,0.00,0.00,0.00,0.00,0.024
-93.77603153,42.02114013,M,TaskName 5/7/2025 (GreenStar 4 Monitor),Smackdown|Callisto|&Atrazine with 32%,105,5/7/2025,0.999,On,1129.1,120.00,-0.625,5.887,8.638,6.175,183.56,56.49,56.96,0,4,85.76,5/7/2025,Good,0.00,0.00,0.00,0.00,0.00,0.00,0.00,0.00,0.00,0.00,0.00,0.00,0.00,0.00,0.00,0.00,0.00,0.00,2.520,0.0075,0.00,0.00,0.00,0.00,0.00,0.024
-93.77603383,42.02111618,M,TaskName 5/7/2025 (GreenStar 4 Monitor),Smackdown|Callisto|&Atrazine with 32%,106,5/7/2025,1.000,On,1129.2,120.00,-0.625,5.956,8.737,5.735,182.67,56.49,56.51,0,4,86.65,5/7/2025,Good,0.00,0.00,0.00,0.00,0.00,0.00,0.00,0.00,0.00,0.00,0.00,0.00,0.00,0.00,0.00,0.00,0.00,0.00,2.501,0.0075,0.00,0.00,0.00,0.00,0.00,0.024
-93.77603554,42.02109238,M,TaskName 5/7/2025 (GreenStar 4 Monitor),Smackdown|Callisto|&Atrazine with 32%,107,5/7/2025,1.006,On,1129.3,118.75,-1.250,5.977,8.812,5.908,182.48,56.49,56.95,0,4,85.97,5/7/2025,Good,0.00,0.00,0.00,0.00,0.00,0.00,0.00,0.00,0.00,0.00,0.00,0.00,0.00,0.00,0.00,0.00,0.00,0.00,2.520,0.0076,0.00,0.00,0.00,0.00,0.00,0.024
-93.77603639,42.02106835,M,TaskName 5/7/2025 (GreenStar 4 Monitor),Smackdown|Callisto|&Atrazine with 32%,108,5/7/2025,0.994,On,1129.4,118.75,-1.250,5.960,8.701,6.384,182.97,56.49,56.88,0,4,85.91,5/7/2025,Good,0.00,0.00,0.00,0.00,0.00,0.00,0.00,0.00,0.00,0.00,0.00,0.00,0.00,0.00,0.00,0.00,0.00,0.00,2.517,0.0075,0.00,0.00,0.00,0.00,0.00,0.024
-93.77603820,42.02104414,M,TaskName 5/7/2025 (GreenStar 4 Monitor),Smackdown|Callisto|&Atrazine with 32%,109,5/7/2025,1.001,On,1129.5,118.75,-1.250,5.970,8.760,5.892,182.41,56.49,56.38,0,4,85.88,5/7/2025,Good,0.00,0.00,0.00,0.00,0.00,0.00,0.00,0.00,0.00,0.00,0.00,0.00,0.00,0.00,0.00,0.00,0.00,0.00,2.494,0.0074,0.00,0.00,0.00,0.00,0.00,0.024
-93.77603995,42.02101992,M,TaskName 5/7/2025 (GreenStar 4 Monitor),Smackdown|Callisto|&Atrazine with 32%,110,5/7/2025,1.000,On,1129.6,117.50,-1.875,6.012,8.829,5.938,181.55,56.49,55.85,0,4,85.73,5/7/2025,Good,0.00,0.00,0.00,0.00,0.00,0.00,0.00,0.00,0.00,0.00,0.00,0.00,0.00,0.00,0.00,0.00,0.00,0.00,2.471,0.0074,0.00,0.00,0.00,0.00,0.00,0.024
-93.77604074,42.02099554,M,TaskName 5/7/2025 (GreenStar 4 Monitor),Smackdown|Callisto|&Atrazine with 32%,111,5/7/2025,1.005,On,1129.6,117.50,-1.875,6.051,8.911,6.100,181.86,56.49,56.45,0,4,86.10,5/7/2025,Good,0.00,0.00,0.00,0.00,0.00,0.00,0.00,0.00,0.00,0.00,0.00,0.00,0.00,0.00,0.00,0.00,0.00,0.00,2.498,0.0075,0.00,0.00,0.00,0.00,0.00,0.024
-93.77604167,42.02097098,M,TaskName 5/7/2025 (GreenStar 4 Monitor),Smackdown|Callisto|&Atrazine with 32%,112,5/7/2025,0.990,On,1129.7,117.50,-1.875,6.081,8.839,5.647,182.40,56.49,55.64,0,4,86.70,5/7/2025,Good,0.00,0.00,0.00,0.00,0.00,0.00,0.00,0.00,0.00,0.00,0.00,0.00,0.00,0.00,0.00,0.00,0.00,0.00,2.462,0.0073,0.00,0.00,0.00,0.00,0.00,0.024
-93.77604212,42.02096122,M,TaskName 5/7/2025 (GreenStar 4 Monitor),Smackdown|Callisto|&Atrazine with 32%,113,5/7/2025,0.405,On,1129.6,117.50,-1.875,6.108,3.619,5.606,182.54,56.49,56.30,0,4,86.78,5/7/2025,Good,0.00,0.00,0.00,0.00,0.00,0.00,0.00,0.00,0.00,0.00,0.00,0.00,0.00,0.00,0.00,0.00,0.00,0.00,2.491,0.0030,0.00,0.00,0.00,0.00,0.00,0.0098
-93.77604379,42.02093656,M,TaskName 5/7/2025 (GreenStar 4 Monitor),Smackdown|Callisto|&Atrazine with 32%,114,5/7/2025,1.000,On,1129.7,116.25,-2.500,6.123,8.980,5.507,182.66,56.49,56.30,0,4,86.27,5/7/2025,Good,0.00,0.00,0.00,0.00,0.00,0.00,0.00,0.00,0.00,0.00,0.00,0.00,0.00,0.00,0.00,0.00,0.00,0.00,2.491,0.0075,0.00,0.00,0.00,0.00,0.00,0.024
-93.77604515,42.02091196,M,TaskName 5/7/2025 (GreenStar 4 Monitor),Smackdown|Callisto|&Atrazine with 32%,115,5/7/2025,0.995,On,1129.7,116.25,-2.500,6.110,8.930,5.658,182.59,56.49,56.26,0,4,86.23,5/7/2025,Good,0.00,0.00,0.00,0.00,0.00,0.00,0.00,0.00,0.00,0.00,0.00,0.00,0.00,0.00,0.00,0.00,0.00,0.00,2.490,0.0074,0.00,0.00,0.00,0.00,0.00,0.024
-93.77604622,42.02089726,M,TaskName 5/7/2025 (GreenStar 4 Monitor),Smackdown|Callisto|&Atrazine with 32%,116,5/7/2025,0.604,On,1129.7,116.25,-2.500,6.116,5.416,5.287,182.02,56.49,55.86,0,4,86.15,5/7/2025,Good,0.00,0.00,0.00,0.00,0.00,0.00,0.00,0.00,0.00,0.00,0.00,0.00,0.00,0.00,0.00,0.00,0.00,0.00,2.471,0.0045,0.00,0.00,0.00,0.00,0.00,0.014
-93.77604815,42.02087274,M,TaskName 5/7/2025 (GreenStar 4 Monitor),Smackdown|Callisto|&Atrazine with 32%,117,5/7/2025,1.000,On,1129.6,115.00,-3.125,6.109,8.963,5.133,180.49,56.49,55.35,0,4,85.19,5/7/2025,Good,0.00,0.00,0.00,0.00,0.00,0.00,0.00,0.00,0.00,0.00,0.00,0.00,0.00,0.00,0.00,0.00,0.00,0.00,2.449,0.0072,0.00,0.00,0.00,0.00,0.00,0.024
-93.77604836,42.02084806,M,TaskName 5/7/2025 (GreenStar 4 Monitor),Smackdown|Callisto|&Atrazine with 32%,118,5/7/2025,1.001,On,1129.6,115.00,-3.125,6.131,9.005,5.584,180.32,56.49,57.73,0,4,85.50,5/7/2025,Good,0.00,0.00,0.00,0.00,0.00,0.00,0.00,0.00,0.00,0.00,0.00,0.00,0.00,0.00,0.00,0.00,0.00,0.00,2.554,0.0076,0.00,0.00,0.00,0.00,0.00,0.024
-93.77604847,42.02082332,M,TaskName 5/7/2025 (GreenStar 4 Monitor),Smackdown|Callisto|&Atrazine with 32%,119,5/7/2025,0.995,On,1129.5,115.00,-3.125,6.136,8.960,5.416,180.41,56.49,56.97,0,4,85.58,5/7/2025,Good,0.00,0.00,0.00,0.00,0.00,0.00,0.00,0.00,0.00,0.00,0.00,0.00,0.00,0.00,0.00,0.00,0.00,0.00,2.521,0.0075,0.00,0.00,0.00,0.00,0.00,0.024
-93.77604877,42.02079867,M,TaskName 5/7/2025 (GreenStar 4 Monitor),Smackdown|Callisto|&Atrazine with 32%,120,5/7/2025,1.004,On,1129.4,115.00,-3.125,6.127,9.029,5.430,180.00,56.49,56.19,0,4,85.47,5/7/2025,Good,0.00,0.00,0.00,0.00,0.00,0.00,0.00,0.00,0.00,0.00,0.00,0.00,0.00,0.00,0.00,0.00,0.00,0.00,2.486,0.0074,0.00,0.00,0.00,0.00,0.00,0.024
-93.77604913,42.02077436,M,TaskName 5/7/2025 (GreenStar 4 Monitor),Smackdown|Callisto|&Atrazine with 32%,121,5/7/2025,1.001,On,1129.4,115.00,-3.125,6.081,8.924,5.151,179.73,56.49,56.77,0,4,84.73,5/7/2025,Good,0.00,0.00,0.00,0.00,0.00,0.00,0.00,0.00,0.00,0.00,0.00,0.00,0.00,0.00,0.00,0.00,0.00,0.00,2.512,0.0074,0.00,0.00,0.00,0.00,0.00,0.024
-93.77604888,42.02075107,M,TaskName 5/7/2025 (GreenStar 4 Monitor),Smackdown|Callisto|&Atrazine with 32%,122,5/7/2025,1.000,On,1129.3,115.00,-3.125,5.942,8.724,4.679,179.85,56.49,57.49,0,4,82.91,5/7/2025,Good,0.00,0.00,0.00,0.00,0.00,0.00,0.00,0.00,0.00,0.00,0.00,0.00,0.00,0.00,0.00,0.00,0.00,0.00,2.544,0.0073,0.00,0.00,0.00,0.00,0.00,0.023
-93.77604894,42.02072803,M,TaskName 5/7/2025 (GreenStar 4 Monitor),Smackdown|Callisto|&Atrazine with 32%,123,5/7/2025,0.995,On,1129.6,115.00,-3.125,5.768,8.422,5.086,179.73,56.49,58.70,0,4,80.44,5/7/2025,Good,0.00,0.00,0.00,0.00,0.00,0.00,0.00,0.00,0.00,0.00,0.00,0.00,0.00,0.00,0.00,0.00,0.00,0.00,2.597,0.0072,0.00,0.00,0.00,0.00,0.00,0.022
-93.77604883,42.02070568,M,TaskName 5/7/2025 (GreenStar 4 Monitor),Smackdown|Callisto|&Atrazine with 32%,124,5/7/2025,1.005,On,1129.9,115.00,-3.125,5.684,8.383,4.882,179.58,56.49,57.13,0,4,79.27,5/7/2025,Good,0.00,0.00,0.00,0.00,0.00,0.00,0.00,0.00,0.00,0.00,0.00,0.00,0.00,0.00,0.00,0.00,0.00,0.00,2.528,0.0070,0.00,0.00,0.00,0.00,0.00,0.022
-93.77604862,42.02068679,M,TaskName 5/7/2025 (GreenStar 4 Monitor),Smackdown|Callisto|&Atrazine with 32%,125,5/7/2025,0.995,On,1129.9,115.00,-3.125,5.309,7.740,4.908,179.60,56.49,58.83,0,4,73.93,5/7/2025,Good,0.00,0.00,0.00,0.00,0.00,0.00,0.00,0.00,0.00,0.00,0.00,0.00,0.00,0.00,0.00,0.00,0.00,0.00,2.603,0.0066,0.00,0.00,0.00,0.00,0.00,0.020
-93.77604870,42.02067614,M,TaskName 5/7/2025 (GreenStar 4 Monitor),Smackdown|Callisto|&Atrazine with 32%,126,5/7/2025,0.604,On,1129.9,115.00,-3.125,4.678,4.148,3.813,179.40,56.49,63.96,0,4,65.27,5/7/2025,Good,0.00,0.00,0.00,0.00,0.00,0.00,0.00,0.00,0.00,0.00,0.00,0.00,0.00,0.00,0.00,0.00,0.00,0.00,2.830,0.0039,0.00,0.00,0.00,0.00,0.00,0.011
-93.77570844,42.02066216,M,TaskName 5/7/2025 (GreenStar 4 Monitor),Smackdown|Callisto|&Atrazine with 32%,127,5/7/2025,0.195,On,1130.8,3.750,-31.25,5.174,1.482,3.804,9.095,56.49,45.29,0,5,2.356,5/7/2025,Under Target,0.00,0.00,0.00,0.00,0.00,0.00,0.00,0.00,0.00,0.00,0.00,0.00,0.00,0.00,0.00,0.00,0.00,0.00,2.004,3.196e-05,0.00,0.00,0.00,0.00,0.00,0.00013
-93.77570682,42.02066614,M,TaskName 5/7/2025 (GreenStar 4 Monitor),Smackdown|Callisto|&Atrazine with 32%,128,5/7/2025,0.201,On,1130.8,16.25,-25.00,5.246,1.548,4.352,7.998,56.49,54.89,0,5,10.34,5/7/2025,Good,0.00,0.00,0.00,0.00,0.00,0.00,0.00,0.00,0.00,0.00,0.00,0.00,0.00,0.00,0.00,0.00,0.00,0.00,2.429,0.00018,0.00,0.00,0.00,0.00,0.00,0.00058
-93.77570548,42.02066997,M,TaskName 5/7/2025 (GreenStar 4 Monitor),Smackdown|Callisto|&Atrazine with 32%,129,5/7/2025,0.199,On,1130.8,25.00,-20.62,5.295,1.546,4.801,7.190,56.49,55.53,0,5,16.06,5/7/2025,Good,0.00,0.00,0.00,0.00,0.00,0.00,0.00,0.00,0.00,0.00,0.00,0.00,0.00,0.00,0.00,0.00,0.00,0.00,2.457,0.00027,0.00,0.00,0.00,0.00,0.00,0.00089
-93.77570462,42.02067390,M,TaskName 5/7/2025 (GreenStar 4 Monitor),Smackdown|Callisto|&Atrazine with 32%,130,5/7/2025,0.205,On,1130.8,37.50,-14.37,5.234,1.573,4.914,6.641,56.49,49.42,0,5,23.78,5/7/2025,Good,0.00,0.00,0.00,0.00,0.00,0.00,0.00,0.00,0.00,0.00,0.00,0.00,0.00,0.00,0.00,0.00,0.00,0.00,2.187,0.00037,0.00,0.00,0.00,0.00,0.00,0.0014
-93.77570408,42.02067788,M,TaskName 5/7/2025 (GreenStar 4 Monitor),Smackdown|Callisto|&Atrazine with 32%,131,5/7/2025,0.201,On,1130.8,60.00,-4.375,5.138,1.514,4.702,6.132,56.49,48.39,0,5,37.34,5/7/2025,Good,0.00,0.00,0.00,0.00,0.00,0.00,0.00,0.00,0.00,0.00,0.00,0.00,0.00,0.00,0.00,0.00,0.00,0.00,2.141,0.00056,0.00,0.00,0.00,0.00,0.00,0.0021
-93.77570193,42.02068581,M,TaskName 5/7/2025 (GreenStar 4 Monitor),Smackdown|Callisto|&Atrazine with 32%,132,5/7/2025,0.394,On,1130.8,68.75,1.291e-05,5.069,2.929,4.967,4.266,56.49,51.95,0,5,42.24,5/7/2025,Good,0.00,0.00,0.00,0.00,0.00,0.00,0.00,0.00,0.00,0.00,0.00,0.00,0.00,0.00,0.00,0.00,0.00,0.00,2.299,0.0013,0.00,0.00,0.00,0.00,0.00,0.0046
-93.77569963,42.02070613,M,TaskName 5/7/2025 (GreenStar 4 Monitor),Smackdown|Callisto|&Atrazine with 32%,133,5/7/2025,1.000,On,1130.9,67.50,-0.625,5.056,7.411,5.094,2.972,56.49,54.96,0,5,41.34,5/7/2025,Good,0.00,0.00,0.00,0.00,0.00,0.00,0.00,0.00,0.00,0.00,0.00,0.00,0.00,0.00,0.00,0.00,0.00,0.00,2.432,0.0035,0.00,0.00,0.00,0.00,0.00,0.011
-93.77569892,42.02071870,M,TaskName 5/7/2025 (GreenStar 4 Monitor),Smackdown|Callisto|&Atrazine with 32%,134,5/7/2025,0.605,On,1130.9,67.50,-0.625,5.140,4.557,4.601,2.987,56.49,58.13,0,5,42.02,5/7/2025,Good,0.00,0.00,0.00,0.00,0.00,0.00,0.00,0.00,0.00,0.00,0.00,0.00,0.00,0.00,0.00,0.00,0.00,0.00,2.572,0.0023,0.00,0.00,0.00,0.00,0.00,0.0071
-93.77569823,42.02073098,M,TaskName 5/7/2025 (GreenStar 4 Monitor),Smackdown|Callisto|&Atrazine with 32%,135,5/7/2025,0.596,On,1130.9,68.75,-1.250,5.184,4.521,4.800,2.619,56.49,56.06,0,5,43.10,5/7/2025,Good,0.00,0.00,0.00,0.00,0.00,0.00,0.00,0.00,0.00,0.00,0.00,0.00,0.00,0.00,0.00,0.00,0.00,0.00,2.481,0.0022,0.00,0.00,0.00,0.00,0.00,0.0071
-93.77569637,42.02075250,M,TaskName 5/7/2025 (GreenStar 4 Monitor),Smackdown|Callisto|&Atrazine with 32%,136,5/7/2025,0.999,On,1130.9,67.50,-1.875,5.216,7.647,5.283,1.435,56.49,55.02,0,5,42.70,5/7/2025,Good,0.00,0.00,0.00,0.00,0.00,0.00,0.00,0.00,0.00,0.00,0.00,0.00,0.00,0.00,0.00,0.00,0.00,0.00,2.435,0.0036,0.00,0.00,0.00,0.00,0.00,0.012
-93.77569544,42.02077482,M,TaskName 5/7/2025 (GreenStar 4 Monitor),Smackdown|Callisto|&Atrazine with 32%,137,5/7/2025,1.000,On,1131.0,67.50,-1.875,5.404,7.922,4.886,0.878,56.49,53.88,0,5,44.19,5/7/2025,Good,0.00,0.00,0.00,0.00,0.00,0.00,0.00,0.00,0.00,0.00,0.00,0.00,0.00,0.00,0.00,0.00,0.00,0.00,2.384,0.0037,0.00,0.00,0.00,0.00,0.00,0.012
-93.77569520,42.02078838,M,TaskName 5/7/2025 (GreenStar 4 Monitor),Smackdown|Callisto|&Atrazine with 32%,138,5/7/2025,0.595,On,1131.0,67.50,-1.875,5.593,4.879,4.093,0.878,56.49,53.28,0,5,45.74,5/7/2025,Good,0.00,0.00,0.00,0.00,0.00,0.00,0.00,0.00,0.00,0.00,0.00,0.00,0.00,0.00,0.00,0.00,0.00,0.00,2.358,0.0022,0.00,0.00,0.00,0.00,0.00,0.0076
-93.77569489,42.02081139,M,TaskName 5/7/2025 (GreenStar 4 Monitor),Smackdown|Callisto|&Atrazine with 32%,139,5/7/2025,1.010,On,1131.0,66.25,-2.500,5.665,8.391,4.669,0.878,56.49,53.19,0,5,45.49,5/7/2025,Good,0.00,0.00,0.00,0.00,0.00,0.00,0.00,0.00,0.00,0.00,0.00,0.00,0.00,0.00,0.00,0.00,0.00,0.00,2.354,0.0038,0.00,0.00,0.00,0.00,0.00,0.013
-93.77569440,42.02083470,M,TaskName 5/7/2025 (GreenStar 4 Monitor),Smackdown|Callisto|&Atrazine with 32%,140,5/7/2025,0.995,On,1131.0,66.25,-2.500,5.728,8.359,5.163,0.494,56.49,54.07,0,5,46.00,5/7/2025,Good,0.00,0.00,0.00,0.00,0.00,0.00,0.00,0.00,0.00,0.00,0.00,0.00,0.00,0.00,0.00,0.00,0.00,0.00,2.392,0.0038,0.00,0.00,0.00,0.00,0.00,0.013
-93.77569400,42.02085832,M,TaskName 5/7/2025 (GreenStar 4 Monitor),Smackdown|Callisto|&Atrazine with 32%,141,5/7/2025,1.000,On,1130.9,66.25,-2.500,5.835,8.556,4.567,0.070,56.49,53.95,0,5,46.84,5/7/2025,Good,0.00,0.00,0.00,0.00,0.00,0.00,0.00,0.00,0.00,0.00,0.00,0.00,0.00,0.00,0.00,0.00,0.00,0.00,2.387,0.0039,0.00,0.00,0.00,0.00,0.00,0.013
-93.77569392,42.02088178,M,TaskName 5/7/2025 (GreenStar 4 Monitor),Smackdown|Callisto|&Atrazine with 32%,142,5/7/2025,1.000,On,1130.9,66.25,-2.500,5.844,8.569,4.780,0.102,56.49,55.03,0,5,46.91,5/7/2025,Good,0.00,0.00,0.00,0.00,0.00,0.00,0.00,0.00,0.00,0.00,0.00,0.00,0.00,0.00,0.00,0.00,0.00,0.00,2.435,0.0040,0.00,0.00,0.00,0.00,0.00,0.013
-93.77569419,42.02090524,M,TaskName 5/7/2025 (GreenStar 4 Monitor),Smackdown|Callisto|&Atrazine with 32%,143,5/7/2025,1.001,On,1130.8,66.25,-2.500,5.812,8.533,4.739,0.658,56.49,55.56,0,5,46.67,5/7/2025,Good,0.00,0.00,0.00,0.00,0.00,0.00,0.00,0.00,0.00,0.00,0.00,0.00,0.00,0.00,0.00,0.00,0.00,0.00,2.458,0.0040,0.00,0.00,0.00,0.00,0.00,0.013
-93.77569426,42.02090989,M,TaskName 5/7/2025 (GreenStar 4 Monitor),Smackdown|Callisto|&Atrazine with 32%,144,5/7/2025,0.199,On,1130.8,66.25,-2.500,5.812,1.697,4.953,0.792,56.49,55.61,0,5,46.70,5/7/2025,Good,0.00,0.00,0.00,0.00,0.00,0.00,0.00,0.00,0.00,0.00,0.00,0.00,0.00,0.00,0.00,0.00,0.00,0.00,2.461,0.00079,0.00,0.00,0.00,0.00,0.00,0.0026
-93.77569403,42.02093322,M,TaskName 5/7/2025 (GreenStar 4 Monitor),Smackdown|Callisto|&Atrazine with 32%,145,5/7/2025,1.000,On,1130.8,65.00,-1.875,5.781,8.480,4.667,1.364,56.49,56.18,0,5,45.55,5/7/2025,Good,0.00,0.00,0.00,0.00,0.00,0.00,0.00,0.00,0.00,0.00,0.00,0.00,0.00,0.00,0.00,0.00,0.00,0.00,2.486,0.0039,0.00,0.00,0.00,0.00,0.00,0.013
-93.77569344,42.02095658,M,TaskName 5/7/2025 (GreenStar 4 Monitor),Smackdown|Callisto|&Atrazine with 32%,146,5/7/2025,1.000,On,1130.7,65.00,-1.875,5.806,8.513,4.371,1.396,56.49,56.29,0,5,45.73,5/7/2025,Good,0.00,0.00,0.00,0.00,0.00,0.00,0.00,0.00,0.00,0.00,0.00,0.00,0.00,0.00,0.00,0.00,0.00,0.00,2.491,0.0040,0.00,0.00,0.00,0.00,0.00,0.013
-93.77569289,42.02097046,M,TaskName 5/7/2025 (GreenStar 4 Monitor),Smackdown|Callisto|&Atrazine with 32%,147,5/7/2025,0.601,On,1130.6,65.00,-1.875,5.817,5.128,4.850,1.106,56.49,55.97,0,5,45.84,5/7/2025,Good,0.00,0.00,0.00,0.00,0.00,0.00,0.00,0.00,0.00,0.00,0.00,0.00,0.00,0.00,0.00,0.00,0.00,0.00,2.476,0.0024,0.00,0.00,0.00,0.00,0.00,0.0077
-93.77569204,42.02099370,M,TaskName 5/7/2025 (GreenStar 4 Monitor),Smackdown|Callisto|&Atrazine with 32%,148,5/7/2025,1.000,On,1130.6,63.75,-2.500,5.769,8.451,5.024,0.659,56.49,56.72,0,5,44.52,5/7/2025,Good,0.00,0.00,0.00,0.00,0.00,0.00,0.00,0.00,0.00,0.00,0.00,0.00,0.00,0.00,0.00,0.00,0.00,0.00,2.510,0.0039,0.00,0.00,0.00,0.00,0.00,0.012
-93.77569173,42.02101702,M,TaskName 5/7/2025 (GreenStar 4 Monitor),Smackdown|Callisto|&Atrazine with 32%,149,5/7/2025,1.000,On,1130.6,63.75,-2.500,5.790,8.493,4.224,0.572,56.49,56.55,0,5,44.75,5/7/2025,Good,0.00,0.00,0.00,0.00,0.00,0.00,0.00,0.00,0.00,0.00,0.00,0.00,0.00,0.00,0.00,0.00,0.00,0.00,2.502,0.0039,0.00,0.00,0.00,0.00,0.00,0.012
-93.77569166,42.02102167,M,TaskName 5/7/2025 (GreenStar 4 Monitor),Smackdown|Callisto|&Atrazine with 32%,150,5/7/2025,0.199,On,1130.6,63.75,-2.500,5.791,1.697,4.114,0.525,56.49,55.66,0,5,44.94,5/7/2025,Good,0.00,0.00,0.00,0.00,0.00,0.00,0.00,0.00,0.00,0.00,0.00,0.00,0.00,0.00,0.00,0.00,0.00,0.00,2.463,0.00076,0.00,0.00,0.00,0.00,0.00,0.0025
-93.77569126,42.02104454,M,TaskName 5/7/2025 (GreenStar 4 Monitor),Smackdown|Callisto|&Atrazine with 32%,151,5/7/2025,1.001,On,1130.4,65.00,-1.875,5.760,8.447,3.798,0.557,56.49,56.27,0,5,45.33,5/7/2025,Good,0.00,0.00,0.00,0.00,0.00,0.00,0.00,0.00,0.00,0.00,0.00,0.00,0.00,0.00,0.00,0.00,0.00,0.00,2.490,0.0039,0.00,0.00,0.00,0.00,0.00,0.013
-93.77569122,42.02104899,M,TaskName 5/7/2025 (GreenStar 4 Monitor),Smackdown|Callisto|&Atrazine with 32%,152,5/7/2025,0.200,On,1130.5,65.00,-1.875,5.677,1.665,3.830,0.510,56.49,56.78,0,5,44.71,5/7/2025,Good,0.00,0.00,0.00,0.00,0.00,0.00,0.00,0.00,0.00,0.00,0.00,0.00,0.00,0.00,0.00,0.00,0.00,0.00,2.512,0.00078,0.00,0.00,0.00,0.00,0.00,0.0025
-93.77569087,42.02107130,M,TaskName 5/7/2025 (GreenStar 4 Monitor),Smackdown|Callisto|&Atrazine with 32%,153,5/7/2025,0.999,On,1130.4,63.75,-1.250,5.564,8.155,4.096,0.447,56.49,57.72,0,5,43.01,5/7/2025,Good,0.00,0.00,0.00,0.00,0.00,0.00,0.00,0.00,0.00,0.00,0.00,0.00,0.00,0.00,0.00,0.00,0.00,0.00,2.554,0.0038,0.00,0.00,0.00,0.00,0.00,0.012
-93.77569059,42.02109344,M,TaskName 5/7/2025 (GreenStar 4 Monitor),Smackdown|Callisto|&Atrazine with 32%,154,5/7/2025,0.996,On,1130.3,63.75,-1.250,5.517,8.060,4.235,0.462,56.49,57.87,0,5,42.64,5/7/2025,Good,0.00,0.00,0.00,0.00,0.00,0.00,0.00,0.00,0.00,0.00,0.00,0.00,0.00,0.00,0.00,0.00,0.00,0.00,2.561,0.0038,0.00,0.00,0.00,0.00,0.00,0.012
-93.77569054,42.02111572,M,TaskName 5/7/2025 (GreenStar 4 Monitor),Smackdown|Callisto|&Atrazine with 32%,155,5/7/2025,1.004,On,1130.2,63.75,-1.250,5.549,8.172,3.885,1.019,56.49,56.61,0,5,42.88,5/7/2025,Good,0.00,0.00,0.00,0.00,0.00,0.00,0.00,0.00,0.00,0.00,0.00,0.00,0.00,0.00,0.00,0.00,0.00,0.00,2.505,0.0037,0.00,0.00,0.00,0.00,0.00,0.012
-93.77569049,42.02112448,M,TaskName 5/7/2025 (GreenStar 4 Monitor),Smackdown|Callisto|&Atrazine with 32%,156,5/7/2025,0.400,On,1130.2,63.75,-1.250,5.546,3.254,3.480,1.309,56.49,56.04,0,5,42.85,5/7/2025,Good,0.00,0.00,0.00,0.00,0.00,0.00,0.00,0.00,0.00,0.00,0.00,0.00,0.00,0.00,0.00,0.00,0.00,0.00,2.480,0.0015,0.00,0.00,0.00,0.00,0.00,0.0048
-93.77569005,42.02114595,M,TaskName 5/7/2025 (GreenStar 4 Monitor),Smackdown|Callisto|&Atrazine with 32%,157,5/7/2025,1.000,On,1130.1,62.50,-0.625,5.436,7.972,3.714,1.898,56.49,56.89,0,5,41.18,5/7/2025,Good,0.00,0.00,0.00,0.00,0.00,0.00,0.00,0.00,0.00,0.00,0.00,0.00,0.00,0.00,0.00,0.00,0.00,0.00,2.517,0.0036,0.00,0.00,0.00,0.00,0.00,0.011
-93.77568961,42.02115882,M,TaskName 5/7/2025 (GreenStar 4 Monitor),Smackdown|Callisto|&Atrazine with 32%,158,5/7/2025,0.600,On,1130.1,62.50,-0.625,5.303,4.665,4.517,2.117,56.49,58.09,0,5,40.16,5/7/2025,Good,0.00,0.00,0.00,0.00,0.00,0.00,0.00,0.00,0.00,0.00,0.00,0.00,0.00,0.00,0.00,0.00,0.00,0.00,2.570,0.0022,0.00,0.00,0.00,0.00,0.00,0.0067
-93.77568863,42.02118045,M,TaskName 5/7/2025 (GreenStar 4 Monitor),Smackdown|Callisto|&Atrazine with 32%,159,5/7/2025,0.995,On,1130.0,61.25,-1.250,5.345,7.801,4.886,2.329,56.49,57.89,0,5,39.69,5/7/2025,Good,0.00,0.00,0.00,0.00,0.00,0.00,0.00,0.00,0.00,0.00,0.00,0.00,0.00,0.00,0.00,0.00,0.00,0.00,2.562,0.0035,0.00,0.00,0.00,0.00,0.00,0.011
-93.77568776,42.02119360,M,TaskName 5/7/2025 (GreenStar 4 Monitor),Smackdown|Callisto|&Atrazine with 32%,160,5/7/2025,0.605,On,1129.9,61.25,-1.250,5.398,4.787,4.819,2.101,56.49,56.93,0,5,40.05,5/7/2025,Good,0.00,0.00,0.00,0.00,0.00,0.00,0.00,0.00,0.00,0.00,0.00,0.00,0.00,0.00,0.00,0.00,0.00,0.00,2.519,0.0021,0.00,0.00,0.00,0.00,0.00,0.0067
-93.77568752,42.02119793,M,TaskName 5/7/2025 (GreenStar 4 Monitor),Smackdown|Callisto|&Atrazine with 32%,161,5/7/2025,0.196,On,1129.9,62.50,-1.875,5.425,1.550,4.867,2.070,56.49,56.38,0,5,40.84,5/7/2025,Good,0.00,0.00,0.00,0.00,0.00,0.00,0.00,0.00,0.00,0.00,0.00,0.00,0.00,0.00,0.00,0.00,0.00,0.00,2.495,0.00069,0.00,0.00,0.00,0.00,0.00,0.0022
-93.77568634,42.02121982,M,TaskName 5/7/2025 (GreenStar 4 Monitor),Smackdown|Callisto|&Atrazine with 32%,162,5/7/2025,0.999,On,1129.9,61.25,-1.250,5.433,7.968,4.647,1.662,56.49,55.89,0,5,40.38,5/7/2025,Good,0.00,0.00,0.00,0.00,0.00,0.00,0.00,0.00,0.00,0.00,0.00,0.00,0.00,0.00,0.00,0.00,0.00,0.00,2.473,0.0035,0.00,0.00,0.00,0.00,0.00,0.011
-93.77568587,42.02122856,M,TaskName 5/7/2025 (GreenStar 4 Monitor),Smackdown|Callisto|&Atrazine with 32%,163,5/7/2025,0.406,On,1129.9,61.25,-1.250,5.448,3.244,4.315,1.482,56.49,55.93,0,5,40.44,5/7/2025,Good,0.00,0.00,0.00,0.00,0.00,0.00,0.00,0.00,0.00,0.00,0.00,0.00,0.00,0.00,0.00,0.00,0.00,0.00,2.475,0.0014,0.00,0.00,0.00,0.00,0.00,0.0046
-93.77568508,42.02125059,M,TaskName 5/7/2025 (GreenStar 4 Monitor),Smackdown|Callisto|&Atrazine with 32%,164,5/7/2025,0.999,On,1129.8,60.00,-1.875,5.466,8.008,3.946,1.153,56.49,55.64,0,5,39.75,5/7/2025,Good,0.00,0.00,0.00,0.00,0.00,0.00,0.00,0.00,0.00,0.00,0.00,0.00,0.00,0.00,0.00,0.00,0.00,0.00,2.462,0.0034,0.00,0.00,0.00,0.00,0.00,0.011
-93.77568453,42.02127273,M,TaskName 5/7/2025 (GreenStar 4 Monitor),Smackdown|Callisto|&Atrazine with 32%,165,5/7/2025,1.000,On,1129.8,58.75,-1.250,5.476,8.027,3.913,0.784,56.49,55.71,0,5,38.98,5/7/2025,Good,0.00,0.00,0.00,0.00,0.00,0.00,0.00,0.00,0.00,0.00,0.00,0.00,0.00,0.00,0.00,0.00,0.00,0.00,2.465,0.0033,0.00,0.00,0.00,0.00,0.00,0.011
-93.77568419,42.02129483,M,TaskName 5/7/2025 (GreenStar 4 Monitor),Smackdown|Callisto|&Atrazine with 32%,166,5/7/2025,1.001,On,1129.7,58.75,-1.250,5.485,8.044,4.068,0.706,56.49,55.91,0,5,39.02,5/7/2025,Good,0.00,0.00,0.00,0.00,0.00,0.00,0.00,0.00,0.00,0.00,0.00,0.00,0.00,0.00,0.00,0.00,0.00,0.00,2.474,0.0034,0.00,0.00,0.00,0.00,0.00,0.011
-93.77568393,42.02131703,M,TaskName 5/7/2025 (GreenStar 4 Monitor),Smackdown|Callisto|&Atrazine with 32%,167,5/7/2025,0.999,On,1129.6,58.75,-1.250,5.504,8.073,4.066,0.502,56.49,55.98,0,5,39.24,5/7/2025,Good,0.00,0.00,0.00,0.00,0.00,0.00,0.00,0.00,0.00,0.00,0.00,0.00,0.00,0.00,0.00,0.00,0.00,0.00,2.477,0.0034,0.00,0.00,0.00,0.00,0.00,0.011
-93.77568343,42.02133913,M,TaskName 5/7/2025 (GreenStar 4 Monitor),Smackdown|Callisto|&Atrazine with 32%,168,5/7/2025,1.001,On,1129.5,58.75,-1.250,5.521,8.095,3.964,0.227,56.49,55.85,0,5,39.26,5/7/2025,Good,0.00,0.00,0.00,0.00,0.00,0.00,0.00,0.00,0.00,0.00,0.00,0.00,0.00,0.00,0.00,0.00,0.00,0.00,2.471,0.0034,0.00,0.00,0.00,0.00,0.00,0.011
-93.77568353,42.02136121,M,TaskName 5/7/2025 (GreenStar 4 Monitor),Smackdown|Callisto|&Atrazine with 32%,169,5/7/2025,0.999,On,1129.5,58.75,-1.250,5.476,8.036,4.265,0.353,56.49,56.37,0,5,39.05,5/7/2025,Good,0.00,0.00,0.00,0.00,0.00,0.00,0.00,0.00,0.00,0.00,0.00,0.00,0.00,0.00,0.00,0.00,0.00,0.00,2.494,0.0034,0.00,0.00,0.00,0.00,0.00,0.011
-93.77568342,42.02138329,M,TaskName 5/7/2025 (GreenStar 4 Monitor),Smackdown|Callisto|&Atrazine with 32%,170,5/7/2025,1.000,On,1129.5,58.75,-1.250,5.484,8.049,4.179,0.408,56.49,56.34,0,5,39.08,5/7/2025,Good,0.00,0.00,0.00,0.00,0.00,0.00,0.00,0.00,0.00,0.00,0.00,0.00,0.00,0.00,0.00,0.00,0.00,0.00,2.493,0.0034,0.00,0.00,0.00,0.00,0.00,0.011
-93.77568343,42.02140075,M,TaskName 5/7/2025 (GreenStar 4 Monitor),Smackdown|Callisto|&Atrazine with 32%,171,5/7/2025,0.795,On,1129.4,58.75,-1.250,5.472,6.386,4.167,0.447,56.49,56.30,0,5,39.00,5/7/2025,Good,0.00,0.00,0.00,0.00,0.00,0.00,0.00,0.00,0.00,0.00,0.00,0.00,0.00,0.00,0.00,0.00,0.00,0.00,2.491,0.0027,0.00,0.00,0.00,0.00,0.00,0.0086
-93.77568345,42.02140508,M,TaskName 5/7/2025 (GreenStar 4 Monitor),Smackdown|Callisto|&Atrazine with 32%,172,5/7/2025,0.206,On,1129.4,48.75,3.750,5.436,1.637,4.398,0.462,56.49,56.62,0,5,32.01,5/7/2025,Good,0.00,0.00,0.00,0.00,0.00,0.00,0.00,0.00,0.00,0.00,0.00,0.00,0.00,0.00,0.00,0.00,0.00,0.00,2.505,0.00057,0.00,0.00,0.00,0.00,0.00,0.0018
-93.77568334,42.02140945,M,TaskName 5/7/2025 (GreenStar 4 Monitor),Smackdown|Callisto|&Atrazine with 32%,173,5/7/2025,0.199,On,1129.4,28.75,13.75,5.420,1.591,4.623,0.408,56.49,59.86,0,5,18.99,5/7/2025,Good,0.00,0.00,0.00,0.00,0.00,0.00,0.00,0.00,0.00,0.00,0.00,0.00,0.00,0.00,0.00,0.00,0.00,0.00,2.649,0.00035,0.00,0.00,0.00,0.00,0.00,0.0010
-93.77568329,42.02141380,M,TaskName 5/7/2025 (GreenStar 4 Monitor),Smackdown|Callisto|&Atrazine with 32%,174,5/7/2025,0.200,On,1129.3,6.250,23.75,5.413,1.591,4.722,0.392,56.49,60.85,0,5,4.108,5/7/2025,Good,0.00,0.00,0.00,0.00,0.00,0.00,0.00,0.00,0.00,0.00,0.00,0.00,0.00,0.00,0.00,0.00,0.00,0.00,2.693,7.682e-05,0.00,0.00,0.00,0.00,0.00,0.00023
